attempt,diagnostic_exit_idx,divergence_missing_reason,divergence_signal_date,edge_rank,entry_adv_dollars,entry_date,entry_day_stop,entry_idx,entry_price,estimated_cost_drag_pct,exit_date,exit_price,exit_reason,gross_excess_vs_spy_pct,gross_return_pct,highest_close,hold_sessions,initial_stop,ma50_20_sessions_ago,ma50_missing_reason,ma50_period,ma50_signal_date,ma50_slope_pct,ma50_slope_sessions,ma50_value,matched_spy_return_pct,model_exit_idx,net_excess_vs_spy_pct,net_return_pct,pattern_stop,pivot,positive_ma50_slope,positive_relative_ma50_slope,positive_relative_ma_slope,positive_rs_divergence,relative_divergence_pct,relative_ma50_missing_reason,relative_ma50_period,relative_ma50_signal_date,relative_ma50_slope_pct,relative_ma50_slope_sessions,relative_ma_missing_reason,relative_ma_period,relative_ma_signal_date,relative_ma_slope_pct,relative_ma_slope_sessions,rs_divergence_lookback,sector,shares,signal_close,signal_date,spy_lookback_return_pct,spy_ma50_20_sessions_ago,spy_ma50_slope_pct,spy_ma50_value,spy_ma_20_sessions_ago,spy_ma_slope_pct,spy_ma_value,stock_lookback_return_pct,stock_ma50_20_sessions_ago,stock_ma50_slope_pct,stock_ma50_value,stock_ma_20_sessions_ago,stock_ma_slope_pct,stock_ma_value,stock_signal_close,stop,symbol,trailing_armed_date
1,,,,84.2439071493998,375417631.14,2016-07-05,False,505,10.0071,0.17962621133589352,2016-08-31,9.1881,stop,-12.30440969543628,-8.000373788664106,11.8344,41,9.1973,,,,,,,,4.3040359067721745,,-12.484035906772174,-8.18,0.0,,,,True,,,,,,,,,60,2016-07-01,1.7439071493998037,10,,Materials,999,,2016-07-01,,,,,175.78080666666648,0.21935462730278132,176.16638999999995,,,,,9.90893500000002,1.963261776702585,10.103473333333325,10.2222,9.1973,FCX,
1,,,,82.84523535761417,138855544.65,2016-07-05,False,505,87.1971,0.18005789468050892,2016-10-12,80.0611,stop,-11.061007952427303,-7.999942105319491,102.83,70,80.1412,,,,,,,,3.0610658471078134,,-11.241065847107812,-8.18,0.0,,,,True,,,,,,,,,60,2016-07-01,0.3452353576141709,10,,Health Care,113,,2016-07-01,,,,,175.78080666666648,0.21935462730278132,176.16638999999995,,,,,86.0801666666665,0.5645899849169522,86.56616666666632,87.74,80.1412,VRTX,
1,,,,82.54380141739789,106854097.13,2016-07-05,False,505,10.7284,0.17993028336490546,2016-10-27,9.8504,stop,-10.800723591213757,-8.000069716635094,12.0714,81,9.8603,,,,,,,,2.8006538745786624,,-10.980653874578662,-8.18,0.0,,,,True,,,,,,,,,60,2016-07-01,0.04380141739788179,10,,Real Estate,920,,2016-07-01,,,,,175.78080666666648,0.21935462730278132,176.16638999999995,,,,,10.19420499999998,0.2631560447006631,10.221031666666658,10.8097,9.8603,HST,
1,,,,84.44872627359833,125852607.65,2016-10-27,False,586,23.7517,0.1804027486860278,2016-11-03,21.808,stop,-5.9401808074347695,-7.999597251313972,23.0299,5,21.8298,,,,,,,,-2.059416443879203,,-6.120583556120797,-8.18,0.0,,,,True,,,,,,,,,60,2016-10-26,1.9487262735983224,10,,Information Technology,383,,2016-10-26,,,,,184.79540166666655,-0.14554113950204783,184.5264483333335,,,,,22.74179499999988,1.8031851340962746,23.151871666666526,23.3857,21.8298,STX,
1,,,,82.51719767668781,132194982.33,2016-08-31,False,546,116.843,0.18001401571027387,2016-11-14,107.2808,stop,-8.139859568812247,-7.999985984289726,119.6321,52,107.3882,,,,,,,,0.13987358452252074,,-8.31987358452252,-8.18,0.0,,,,True,,,,,,,,,60,2016-08-30,0.01719767668781902,10,,Health Care,87,,2016-08-30,,,,,180.60524999999956,0.7759824257604464,182.00671500000027,,,,,112.44860999999946,0.7931801024482654,113.34052999999912,116.6804,107.3882,BDX,
1,,,,82.59294648130252,373659091.54,2016-10-12,False,575,62.1336,0.1845819187542066,2017-04-21,56.7787,stop,-19.333010240431967,-8.435418081245793,66.807,131,57.1058,,,,,,,,10.897592159186175,,-19.517592159186172,-8.62,0.0,,,,True,,,,,,,,,60,2016-10-11,0.09294648130251382,10,,Energy,146,,2016-10-11,,,,,184.34506000000061,0.2550778053572289,184.8152833333331,,,,,60.0346033333329,0.3480242866597427,60.24353833333274,62.0183,57.1058,SLB,
1,,,,84.98443535376873,368766908.5,2016-11-14,False,598,17.3455,0.42491300934551646,2018-02-09,36.7812,armed_trailing_stop,88.66722024532403,112.47491300934551,48.4448,311,15.9419,,,,,,,,23.807692764021482,,88.24230723597852,112.05,0.0,,,,True,,,,,,,,,60,2016-11-11,2.4844353537687325,10,,Information Technology,538,,2016-11-11,,,,,184.45930500000006,-0.3469789718655636,183.8192700000007,,,,,16.332575000000087,2.137456381903169,16.68167666666671,17.2307,36.818048000000005,MU,2016-12-22
1,,,,84.09138438535658,70914702.28,2017-04-21,False,706,69.0933,0.18009958245560753,2018-03-22,63.4389,stop,-22.541674670632993,-7.999900417544392,84.8669,231,63.5024,,,,,,,,14.541774253088601,,-22.7217742530886,-8.18,0.0,,,,True,,,,,,,,,60,2017-04-20,1.5913843853565757,10,,Consumer Discretionary,120,,2017-04-20,,,,,200.86205500000045,0.632099643376316,202.13170333333377,,,,,68.15624999999976,2.2234840287328916,69.67169333333301,69.8758,63.5024,HAS,
1,,,,83.20215987479966,87660169.84,2016-07-05,False,505,85.3813,0.2884291784291477,2018-03-23,121.7392,period_exit,14.746358320235654,42.868429178429146,137.9669,433,78.4723,,,,,,,,28.122070858193492,,14.457929141806506,42.58,0.0,,,,True,,,,,,,,,60,2016-07-01,0.7021598747996682,10,,Industrials,116,,2016-07-01,,,,,175.78080666666648,0.21935462730278132,176.16638999999995,,,,,84.28208833333338,0.9215145021024496,85.05875999999984,85.7848,104.85484400000001,SWK,2017-04-21
1,,,,82.92613395478466,224391125.4,2016-07-05,False,505,144.1697,0.2847053135273043,2018-03-23,202.995,period_exit,12.96263445533381,41.0847053135273,218.9844,433,132.5036,,,,,,,,28.122070858193492,,12.677929141806505,40.8,0.0,,,,True,,,,,,,,,60,2016-07-01,0.42613395478465765,10,,Health Care,68,,2016-07-01,,,,,175.78080666666648,0.21935462730278132,176.16638999999995,,,,,142.80113166666658,0.645488582087439,143.72289666666657,145.0268,166.428144,TMO,2017-08-31
1,,,,82.74090636958036,157730356.03,2016-07-05,False,505,7.548,0.4340865189514034,2018-03-23,16.5087,period_exit,91.0320156607579,119.1540865189514,17.6284,433,6.9373,,,,,,,,28.122070858193492,,90.5979291418065,118.72,0.0,,,,True,,,,,,,,,60,2016-07-01,0.2409063695803626,10,,Industrials,1315,,2016-07-01,,,,,175.78080666666648,0.21935462730278132,176.16638999999995,,,,,7.526526666666647,0.4602609968831439,7.561168333333323,7.5898,13.397584,CSX,2016-11-09
1,,,,82.63898906911669,245039159.99,2016-07-05,False,505,30.8041,0.44491341296330233,2018-03-23,67.8534,period_exit,92.5928425547698,120.7149134129633,73.4704,433,28.3114,,,,,,,,28.122070858193492,,92.1479291418065,120.27,0.0,,,,True,,,,,,,,,60,2016-07-01,0.13898906911669062,10,,Information Technology,321,,2016-07-01,,,,,175.78080666666648,0.21935462730278132,176.16638999999995,,,,,28.4503399999999,0.35834369641947195,28.55228999999981,30.8396,55.837503999999996,WDC,2016-09-27
1,,,,82.56878573204638,150346123.9,2016-07-05,False,505,82.4415,0.32204580981212416,2018-03-23,132.6154,period_exit,33.05997495161863,61.182045809812124,145.6274,433,75.7704,,,,,,,,28.122070858193492,,32.737929141806504,60.86,0.0,,,,True,,,,,,,,,60,2016-07-01,0.06878573204638361,10,,Industrials,118,,2016-07-01,,,,,175.78080666666648,0.21935462730278132,176.16638999999995,,,,,82.17117999999991,0.28814035934916493,82.40794833333335,82.7936,110.676824,ITW,2017-01-25
1,,,,83.39545407018674,182333296.64,2016-07-06,False,506,44.6244,0.287438410793591,2018-03-23,64.6284,period_exit,17.75918819563729,45.11743841079359,67.9827,432,41.0134,,,,,,,,27.3582502151563,,17.4717497848437,44.83,0.0,,,,True,,,,,,,,,60,2016-07-05,0.8954540701867408,10,,Financials,223,,2016-07-05,,,,,175.8628766666666,0.21269033034325702,176.2369200000001,,,,,44.124815000000126,1.1081444005299979,44.613781666666846,44.8774,51.666852,ICE,2017-06-07
1,,,,82.56536924567709,112334477.12,2016-07-06,False,506,66.6699,0.35775246992110965,2018-03-23,118.853,period_exit,51.2695022547648,78.6277524699211,127.0745,432,61.275,,,,,,,,27.3582502151563,,50.91174978484369,78.27,0.0,,,,True,,,,,,,,,60,2016-07-05,0.06536924567708269,10,,Financials,150,,2016-07-05,,,,,175.8628766666666,0.21269033034325702,176.2369200000001,,,,,63.901773333333225,0.2780595760203397,64.07945833333336,66.5557,96.57662,CME,2016-12-07
1,,,,83.39856802469687,281884796.93,2016-11-03,False,591,13.2729,0.29614924050161306,2018-03-23,19.4518,period_exit,19.593924079807223,46.84614924050161,22.2941,347,12.1988,,,,,,,,27.252225160694387,,19.29777483930561,46.55,0.0,,,,True,,,,,,,,,60,2016-11-02,0.8985680246968775,10,,Information Technology,631,,2016-11-02,,,,,184.62343666666686,-0.22662976825744696,184.20502500000026,,,,,13.10884333333341,0.6719382564394305,13.196926666666787,13.268,16.943516,AVGO,2017-02-22
1,,,,84.8249158319521,99490894.59,2018-02-09,False,843,17.8575,0.18435949879599445,2018-03-23,16.6321,period_exit,-5.751572703707886,-6.675640501204006,19.5864,29,16.4125,,,,,,,,-0.9240677974961198,,-5.9359322025038805,-6.86,0.0,,,,True,,,,,,,,,60,2018-02-08,2.32491583195209,10,,Unknown,849,,2018-02-08,,,,,233.34080000000102,1.148211114386699,236.0200449999999,,,,,16.606505000000105,3.4731269463387893,17.183270000000206,18.1581,16.4125,COTY,
1,,,,83.71450508731893,70118833.84,2018-03-22,False,937,45.6086,0.19685074729309582,2018-03-23,45.0199,period_exit,1.0382684509470774,-1.0931492527069042,44.6478,1,41.918,,,,,,,,-2.1314177036539816,,0.8414177036539816,-1.29,0.0,,,,True,,,,,,,,,60,2018-03-21,1.214505087318929,10,,Unknown,268,,2018-03-21,,,,,238.9510383333327,0.540068100282709,240.24153666666535,,,,,44.27601000000019,1.754573187601638,45.05286500000002,46.3503,41.918,HP,
1,,,,85.85056990147508,48529488.6,2018-10-17,False,1082,44.0322,0.1798050021078481,2018-10-23,40.4286,stop,-5.561257635932815,-8.000194997892152,43.9626,4,40.4691,,,,,,,,-2.438937361959337,,-5.741062638040663,-8.18,0.0,,,,True,,,,,,,,,60,2018-10-16,3.3505699014750867,10,,Unknown,358,,2018-10-16,,,,,253.28558000000098,0.24900154205396152,253.9162650000013,,,,,41.92679666666663,3.5995714435290482,43.43598166666646,44.21,40.4691,FLS,
1,,,,84.731778931891,141150518.3,2018-10-17,False,789,129.3192,0.17995786357284516,2018-10-23,118.7359,stop,-5.561104774467818,-8.000042136427155,129.38,4,118.8548,,,,,,,,-2.438937361959337,,-5.741062638040663,-8.18,0.0,,,,True,,,,,,,,,60,2018-10-16,2.231778931890993,10,,Health Care,121,,2018-10-16,,,,,253.28558000000098,0.24900154205396152,253.9162650000013,,,,,122.01133333333321,2.4807804739449546,125.03816666666644,129.61,118.8548,IQV,
1,,,,84.03573296948754,197949868.3,2018-10-17,False,1082,113.3094,0.1800291953545603,2018-10-23,104.0364,stop,-5.561033442686103,-7.999970804645439,112.5336,4,104.1405,,,,,,,,-2.438937361959337,,-5.741062638040663,-8.18,0.0,,,,True,,,,,,,,,60,2018-10-16,1.5357329694875466,10,,Consumer Discretionary,139,,2018-10-16,,,,,253.28558000000098,0.24900154205396152,253.9162650000013,,,,,110.21125666666678,1.784734511541508,112.17823500000037,113.4855,104.1405,RCL,
1,,,,83.7359252736153,384376494.63,2018-10-17,False,1082,130.1585,0.18002493302583655,2018-10-24,119.5066,stop,-2.6050780163989096,-7.999975066974163,128.8464,5,119.6262,,,,,,,,-5.394897050575254,,-2.785102949424746,-8.18,0.0,,,,True,,,,,,,,,60,2018-10-16,1.2359252736152904,10,,Industrials,120,,2018-10-16,,,,,253.28558000000098,0.24900154205396152,253.9162650000013,,,,,127.30582499999994,1.4849268156692519,129.1962233333339,130.0774,119.6262,HON,
1,,,,83.99637078758423,120610627.47,2018-10-17,False,1082,116.1037,0.18421525849827347,2018-10-26,105.1353,stop,-3.8744558505939946,-9.265784741501726,116.8711,7,106.7087,,,,,,,,-5.391328890907731,,-4.058671109092268,-9.45,0.0,,,,True,,,,,,,,,60,2018-10-16,1.4963707875842225,10,,Health Care,135,,2018-10-16,,,,,253.28558000000098,0.24900154205396152,253.9162650000013,,,,,112.29867499999963,1.745372329638184,114.25870499999995,116.2883,106.7087,ZBH,
1,,,,85.76012290830957,347873705.85,2018-10-17,False,508,16.6186,0.17961216677424652,2018-10-29,15.2585,stop,-2.084940388008028,-8.000387833225753,16.68,8,15.2738,,,,,,,,-5.915447445217725,,-2.2645525547822745,-8.18,0.0,,,,True,,,,,,,,,60,2018-10-16,3.2601229083095706,10,,Information Technology,949,,2018-10-16,,,,,253.2855800000005,0.24900154205376168,253.91626500000032,,,,,15.59363333333331,3.5091244503633323,16.140833333333315,16.542,15.2738,FTNT,
1,,,,84.85403444437556,178623447.13,2018-10-17,False,1082,55.4777,0.1799873408179682,2018-11-14,50.9375,stop,-4.345174775910554,-8.000012659182032,57.8888,20,50.9885,,,,,,,,-3.654837883271478,,-4.525162116728522,-8.18,0.0,,,,True,,,,,,,,,60,2018-10-16,2.3540344443755634,10,,Financials,283,,2018-10-16,,,,,253.28558000000098,0.24900154205396152,253.9162650000013,,,,,51.18753666666659,2.603035986429525,52.51996666666673,55.375,50.9885,PGR,
1,,,,83.8285872079594,280261390.91,2018-10-17,False,1082,68.8709,0.17995323975116406,2018-11-16,63.2346,stop,-5.603927314299828,-8.000046760248836,70.4426,22,63.2979,,,,,,,,-2.3961194459490076,,-5.783880554050992,-8.18,0.0,,,,True,,,,,,,,,60,2018-10-16,1.3285872079594085,10,,Consumer Staples,228,,2018-10-16,,,,,253.28558000000098,0.24900154205396152,253.9162650000013,,,,,67.21999000000008,1.57758875001337,68.2804450000002,69.0031,63.2979,TGT,
1,,,,83.85139868899141,74083998.14,2018-11-14,False,1102,29.0957,0.1801329498265405,2018-11-19,26.7146,stop,-7.592771444084545,-7.999867050173459,27.9931,3,26.7413,,,,,,,,-0.40709560608891415,,-7.772904393911086,-8.18,0.0,,,,True,,,,,,,,,60,2018-11-13,1.351398688991412,10,,Unknown,515,,2018-11-13,,,,,252.48809333333435,-0.47314838397405357,251.29345000000077,,,,,27.849501666666825,0.8782503050173585,28.094090000000143,28.7339,26.7413,UNM,
1,,,,84.33873460193067,280354092.05,2018-11-19,False,1105,37.1871,0.1753290256031672,2018-11-20,33.2068,stop,-8.67403391435767,-10.524670974396832,35.29,1,34.178,,,,,,,,-1.850637060039162,,-8.849362939960837,-10.7,0.0,,,,True,,,,,,,,,60,2018-11-16,1.8387346019306694,10,,Health Care,31,,2018-11-16,,,,,251.95117000000124,-0.48157082713036203,250.73784666666762,,,,,36.42400000000016,1.3571637748003074,36.91833333333343,37.21,34.178,BSX,
1,,,,83.30135081123271,213538035.43,2018-10-23,False,1086,119.6594,0.18000447382599116,2018-12-18,109.8667,stop,-1.2275914199034395,-7.9999955261740086,125.4224,38,109.9767,,,,,,,,-6.772404106270569,,-1.4075958937294306,-8.18,0.0,,,,True,,,,,,,,,60,2018-10-22,0.8013508112327039,10,,Industrials,127,,2018-10-22,,,,,253.9837966666678,-0.12683289415623689,253.66166166666758,,,,,120.54979999999996,0.674517917076467,121.3629299999998,121.5232,109.9767,ADP,
1,,,,82.84475515802112,139324505.05,2018-10-23,False,1086,78.4283,0.1800356554508511,2018-12-19,72.0099,stop,0.1686062727105586,-7.999964344549149,80.28,39,72.082,,,,,,,,-8.168570617259707,,-0.011429382740292482,-8.18,0.0,,,,True,,,,,,,,,60,2018-10-22,0.344755158021115,10,,Financials,187,,2018-10-22,,,,,253.9837966666678,-0.12683289415623689,253.66166166666758,,,,,79.1566666666667,0.21792226386487812,79.32916666666667,79.4,72.082,FISV,
1,,,,83.91107252939479,867017581.66,2018-10-17,False,1082,36.7313,0.17978742358129196,2018-12-20,33.7252,stop,3.866404002373681,-8.000212576418708,38.9735,44,33.759,,,,,,,,-11.866616578792389,,3.686616578792389,-8.18,0.0,,,,True,,,,,,,,,60,2018-10-16,1.4110725293947857,10,,Information Technology,428,,2018-10-16,,,,,253.28558000000098,0.24900154205396152,253.9162650000013,,,,,35.981025000000045,1.6600740714487472,36.57833666666654,36.6386,33.759,CSCO,
1,,,,83.7465994746938,77958223.22,2018-10-23,False,1086,120.4609,0.1800820405847965,2018-12-21,110.6027,stop,3.5143977299623046,-7.999917959415203,133.2948,41,110.7134,,,,,,,,-11.514315689377508,,3.334315689377508,-8.18,0.0,,,,True,,,,,,,,,60,2018-10-22,1.2465994746937992,10,,Health Care,118,,2018-10-22,,,,,253.9837966666678,-0.12683289415623689,253.66166166666758,,,,,120.11223499999954,1.1197665805375623,121.45721166666627,121.8078,110.7134,UHS,
1,,,,83.66422949327159,757351887.48,2018-10-17,False,1082,110.0902,0.17998143664337363,2018-12-24,101.0806,stop,7.953463860249688,-8.000018563356626,120.1132,46,101.1818,,,,,,,,-15.953482423606314,,7.773482423606314,-8.18,0.0,,,,True,,,,,,,,,60,2018-10-16,1.1642294932715958,10,,Health Care,142,,2018-10-16,,,,,253.28558000000098,0.24900154205396152,253.9162650000013,,,,,107.66191999999985,1.4132310353255573,109.18343166666722,110.2466,101.1818,JNJ,
1,,,,86.48989653395044,73893270.72,2018-12-19,False,1125,11.2914,0.17971088930828394,2018-12-24,10.3673,stop,-1.8108768884898758,-8.000289110691716,11.0698,3,10.3777,,,,,,,,-6.18941222220184,,-1.9905877777981598,-8.18,0.0,,,,True,,,,,,,,,60,2018-12-18,3.9898965339504433,10,,Utilities,1194,,2018-12-18,,,,,248.07030166666712,-1.5514708159244273,244.22156333333308,,,,,10.95242166666673,2.438425718026016,11.219488333333386,11.2501,10.3777,AES,
1,,,,83.89644426039776,174316385.33,2018-12-18,False,1124,45.1534,0.1799362156541875,2018-12-26,41.4581,stop,-5.074530228207042,-8.000063784345812,44.5376,5,41.4996,,,,,,,,-2.9255335561387708,,-5.254466443861229,-8.18,0.0,,,,True,,,,,,,,,60,2018-12-17,1.3964442603977556,10,,Utilities,309,,2018-12-17,,,,,248.17412166666716,-1.372196522263236,244.76868499999983,,,,,44.74644166666658,0.024247738134519636,44.757291666666426,44.9246,41.4996,SRE,
1,,,,85.55080938346508,321951508.73,2018-12-20,False,1126,139.2903,0.17997274615535552,2019-03-13,127.891,stop,-22.48920432554017,-8.000027253844644,142.4764,55,128.019,,,,,,,,14.489177071695526,,-22.669177071695525,-8.18,0.0,,,,True,,,,,,,,,60,2018-12-19,3.0508093834650807,10,,Financials,101,,2018-12-19,,,,,247.8249550000003,-1.6918224935554949,243.63219666666652,,,,,135.71200333333303,1.3589868899095858,137.5563116666667,139.1661,128.019,CME,
1,,,,83.62858538129376,45638607.77,2018-10-25,False,1088,29.7261,0.2606085607306916,2020-02-26,38.647,period_exit,12.06414858938949,30.270608560730693,39.731,334,27.3207,,,,,,,,18.206459971341204,,11.803540028658798,30.01,0.0,,,,True,,,,,,,,,60,2018-10-24,1.1285853812937674,10,,Real Estate,483,,2018-10-24,,,,,254.1085000000016,-0.2914667028719897,253.36785833333414,,,,,29.314441666666728,0.8371186784217777,29.559838333333452,29.7189,30.19556,UDR,2019-08-22
1,,,,85.51101659128815,499989218.56,2018-10-26,False,1089,96.6734,0.26122368216610425,2020-02-26,126.6508,period_exit,10.948595739553802,31.271223682166106,136.6196,333,88.8507,,,,,,,,20.322627942612304,,10.687372057387698,31.01,0.0,,,,True,,,,,,,,,60,2018-10-25,3.0110165912881515,10,,Health Care,146,,2018-10-25,,,,,253.9954983333349,-0.3026320039966057,253.22682666666756,,,,,93.76647166666662,2.7083845872915457,96.30602833333371,97.3346,103.830896,LLY,2019-12-19
1,,,,83.22995980251646,41419330.1,2018-10-29,False,1090,63.6553,0.280735267521699,2020-02-26,88.9843,period_exit,19.077823839516398,40.0707352675217,98.7624,332,58.5044,,,,,,,,20.9929114280053,,18.7970885719947,39.79,0.0,,,,True,,,,,,,,,60,2018-10-26,0.7299598025164555,10,,Financials,216,,2018-10-26,,,,,253.95416833333488,-0.37855715185802774,252.99280666666746,,,,,61.99441000000067,0.3514026506584278,62.212260000000725,62.836,75.059424,CINF,2019-04-30
1,,,,84.54898380760943,619337056.94,2018-11-16,False,1104,19.1188,0.25023885571449966,2020-02-26,24.3488,period_exit,10.979999674800968,27.6102388557145,27.8318,318,17.5717,,,,,,,,16.63023918091353,,10.729760819086469,27.36,0.0,,,,True,,,,,,,,,60,2018-11-15,2.048983807609428,10,,Information Technology,766,,2018-11-15,,,,,252.12749666666787,-0.4878385008624031,250.8975216666673,,,,,18.563934999999915,1.561145306747025,18.853744999999982,19.3055,21.152168,AVGO,2019-03-15
1,,,,83.09609816887503,160404752.65,2018-11-20,False,1106,26.5242,0.3097227100951798,2020-02-26,40.7947,period_exit,33.23584454849254,54.10972271009518,41.9884,316,24.3779,,,,,,,,20.873878161602644,,32.92612183839735,53.8,0.0,,,,True,,,,,,,,,60,2018-11-19,0.5960981688750255,10,,Materials,514,,2018-11-19,,,,,251.8252633333342,-0.532553134495517,250.48416000000094,,,,,24.96130000000012,0.06354503437950854,24.97716166666669,26.2099,31.911184,NEM,2019-07-22
1,,,,85.38314628906988,137610047.25,2018-12-21,False,1127,76.0946,0.23109087132878514,2020-02-26,87.6993,period_exit,-16.38365894453131,15.481090871328785,92.2937,295,69.9371,,,,,,,,31.864749815860094,,-16.614749815860094,15.25,0.0,,,,True,,,,,,,,,60,2018-12-20,2.8831462890698822,10,,Utilities,176,,2018-12-20,,,,,247.55951166666685,-1.8473564743596183,242.98620499999961,,,,,74.82068166666674,1.035789814710264,75.59566666666687,75.9788,69.9371,DTE,
1,,,,84.56865804130805,205809037.77,2018-12-24,False,1128,88.0349,0.24658998787892727,2020-02-26,109.6099,period_exit,-10.687022219578022,24.75658998787893,115.2037,294,80.9112,,,,,,,,35.44361220745695,,-10.93361220745695,24.51,0.0,,,,True,,,,,,,,,60,2018-12-21,2.068658041308058,10,,Consumer Staples,154,,2018-12-21,,,,,247.2000933333334,-1.9911204726084875,242.2780416666661,,,,,84.09471833333228,0.07753756869957051,84.1599233333327,88.535,87.554812,KMB,2019-08-19
1,,,,87.02587472541889,122725712.48,2018-12-27,False,1130,41.9849,0.2693767559804172,2020-02-26,56.6541,period_exit,7.262212392863155,35.209376755980415,57.7048,292,38.5876,,,,,,,,27.94716436311726,,6.992835636882738,34.94,0.0,,,,True,,,,,,,,,60,2018-12-26,4.525874725418888,10,,Real Estate,332,,2018-12-26,,,,,246.4457666666664,-2.281083343150747,240.82413333333292,,,,,40.16772666666778,2.244791382268141,41.06940833333417,42.1372,43.855648,O,2019-09-04
1,,,,86.91077477786581,791083932.16,2018-12-27,False,1130,53.2073,0.2697195808216648,2020-02-26,71.6915,period_exit,7.062555217704407,35.00971958082167,84.9595,292,48.9018,,,,,,,,27.94716436311726,,6.792835636882742,34.74,0.0,,,,True,,,,,,,,,60,2018-12-26,4.410774777865811,10,,Consumer Discretionary,226,,2018-12-26,,,,,246.4457666666664,-2.281083343150747,240.82413333333292,,,,,51.83560000000022,2.129691434715064,52.93953833333338,53.5446,64.56922,SBUX,2019-04-30
1,,,,82.61490761309996,147754716.49,2019-03-13,False,1181,187.0384,0.2473348859342579,2020-02-26,229.8166,period_exit,10.300639472571849,23.11733488593426,267.6189,241,171.9034,,,,,,,,12.81669541336241,,10.05330458663759,22.87,0.0,,,,True,,,,,,,,,60,2019-03-12,0.11490761309995712,10,,Materials,69,,2019-03-12,,,,,235.7469466666686,0.609043589734215,237.1827483333361,,,,,171.01567000000068,0.7239512028341721,172.2537400000006,186.3761,203.390364,MLM,2019-07-30
1,,,,87.4227443133158,310536790.55,2020-03-18,False,1142,246.2501,0.18002259802031428,2020-03-19,226.0975,stop,-8.212488932638662,-7.999977401979685,238.4098,1,226.3238,,,,,,,,0.21251153065897643,,-8.392511530658975,-8.18,0.0,,,,True,,,,,,,,,60,2020-03-17,4.922744313315796,10,,Real Estate,72,,2020-03-17,,,,,294.92955999999975,-1.9908341277599884,289.0580016666674,,,,,233.58611166666768,2.9319101855558083,240.43464666666648,251.4272,226.3238,SBAC,
1,,,,86.93319311473722,520177529.06,2020-03-18,False,1437,37.3018,0.17976024365193943,2020-03-19,34.249,stop,-8.212751287007038,-8.00023975634806,34.8266,1,34.2833,,,,,,,,0.21251153065897643,,-8.392511530658975,-8.18,0.0,,,,True,,,,,,,,,60,2020-03-17,4.433193114737222,10,,Materials,479,,2020-03-17,,,,,294.92956000000316,-1.9908341277604658,289.0580016666693,,,,,36.566628333333334,2.442358986976756,37.459716666666885,38.3704,34.2833,NEM,
1,,,,86.40635132268822,211804085.73,2020-03-18,False,1437,80.3315,0.17997791932460494,2020-03-19,73.7573,stop,-8.212533611334372,-8.000022080675395,85.1899,1,73.8311,,,,,,,,0.21251153065897643,,-8.392511530658975,-8.18,0.0,,,,True,,,,,,,,,60,2020-03-17,3.9063513226882174,10,,Utilities,222,,2020-03-17,,,,,294.92956000000316,-1.9908341277604658,289.0580016666693,,,,,77.57452333333349,1.9155171949277516,79.06047666666673,83.5029,73.8311,WEC,
1,,,,86.0607362933841,206313359.53,2020-03-18,False,1437,114.6403,0.17995754313913181,2020-03-19,105.2583,stop,-8.212553987519843,-8.000042456860868,114.9411,1,105.3637,,,,,,,,0.21251153065897643,,-8.392511530658975,-8.18,0.0,,,,True,,,,,,,,,60,2020-03-17,3.5607362933840925,10,,Utilities,156,,2020-03-17,,,,,294.92956000000316,-1.9908341277604658,289.0580016666693,,,,,113.37511166666518,1.5699021656236267,115.15498999999836,122.3812,105.3637,AWK,
1,,,,86.00462066840666,312136167.33,2020-03-18,False,1437,62.2155,0.17984242184336985,2020-03-19,57.1238,stop,-8.212669108815607,-8.00015757815663,61.1949,1,57.181,,,,,,,,0.21251153065897643,,-8.392511530658975,-8.18,0.0,,,,True,,,,,,,,,60,2020-03-17,3.504620668406666,10,,Financials,289,,2020-03-17,,,,,294.92956000000316,-1.9908341277604658,289.0580016666693,,,,,64.28691499999998,1.5137865406462003,65.26008166666664,65.5544,57.181,PGR,
1,,,,84.93343219270247,329512865.14,2020-03-18,False,1437,110.3021,0.17992833586390056,2020-03-19,101.2751,stop,-8.212583194795076,-8.0000716641361,106.6284,1,101.3765,,,,,,,,0.21251153065897643,,-8.392511530658975,-8.18,0.0,,,,True,,,,,,,,,60,2020-03-17,2.433432192702467,10,,Consumer Staples,164,,2020-03-17,,,,,294.92956000000316,-1.9908341277604658,289.0580016666693,,,,,110.48248333333346,0.4425980649420014,110.97147666666666,114.3427,101.3765,KMB,
1,,,,86.48762279353487,745218900.05,2020-03-18,False,1437,127.1937,0.1799989013627119,2020-03-20,116.7844,stop,-3.893943720066906,-8.000001098637288,133.3575,2,116.9013,,,,,,,,-4.106057378570382,,-4.073942621429618,-8.18,0.0,,,,True,,,,,,,,,60,2020-03-17,3.987622793534862,10,,Health Care,139,,2020-03-17,,,,,294.92956000000316,-1.9908341277604658,289.0580016666693,,,,,125.41412333333379,1.996788665774396,127.91837833333412,133.46,116.9013,LLY,
1,,,,85.75147528214667,126942452.84,2020-03-18,False,839,134.3544,0.18001277603498878,2020-03-20,123.3591,stop,-3.893929845394629,-7.999987223965011,146.7762,2,123.4826,,,,,,,,-4.106057378570382,,-4.073942621429618,-8.18,0.0,,,,True,,,,,,,,,60,2020-03-17,3.2514752821466764,10,,Financials,133,,2020-03-17,,,,,294.92955999999975,-1.9908341277599884,289.0580016666674,,,,,141.8122300000005,1.260641154386688,143.59997333333402,144.5185,123.4826,JKHY,
1,,,,85.44439023022319,201297207.9,2020-03-19,False,1438,93.7937,0.1800042732166398,2020-03-20,86.1178,stop,-3.690584812649999,-7.99999572678336,88.85,1,86.204,,,,,,,,-4.309410914133361,,-3.870589085866639,-8.18,0.0,,,,True,,,,,,,,,60,2020-03-18,2.944390230223193,10,,Information Technology,181,,2020-03-18,,,,,294.9655133333368,-2.4113643839087873,287.85282000000296,,,,,91.92799999999916,0.5330258463144055,92.41799999999905,97.1,86.204,AKAM,
1,,,,86.76632214954877,54251423.77,2020-03-18,False,869,22.2056,0.17984426188625413,2020-03-23,20.3883,stop,-1.4422848577244967,-8.000155738113746,22.8755,3,20.4087,,,,,,,,-6.557870880389249,,-1.6221291196107508,-8.18,0.0,,,,True,,,,,,,,,60,2020-03-17,4.266322149548774,10,,Industrials,799,,2020-03-17,,,,,294.92955999999975,-1.9908341277599884,289.0580016666674,,,,,22.242261666666643,2.275488021788785,22.74838166666656,23.549,20.4087,ROL,
1,,,,86.70854380455333,3239546825.85,2020-03-24,False,1441,37.036,0.18015735575729508,2020-03-25,34.0051,stop,-9.496842723187992,-7.999842644242705,35.732,1,34.0391,,,,,,,,1.4970000789452875,,-9.677000078945287,-8.18,0.0,,,,True,,,,,,,,,60,2020-03-23,4.208543804553322,10,,Communication Services,442,,2020-03-23,,,,,294.0005250000036,-3.4772607974084546,283.77736000000345,,,,,34.872499999999675,0.7312830071448673,35.12751666666627,36.027,34.0391,NFLX,
1,,,,88.61516340940265,163990696.64,2020-03-26,False,599,15.7508,0.20830730367210482,2020-11-20,16.2771,armed_trailing_stop,-33.63483563113616,3.5483073036721047,21.4387,167,14.4763,,,,,,,,37.18314293480827,,-33.84314293480827,3.34,0.0,,,,True,,,,,,,,,60,2020-03-25,6.1151634094026575,10,,Unknown,1039,,2020-03-25,,,,,293.00271333333365,-3.9417422232288946,281.4533016666673,,,,,14.983136666666633,2.173421186173763,15.308783333333334,15.665,16.293412,NLOK,2020-05-29
1,,,,87.29976870780008,331558581.61,2020-03-27,False,1149,230.3953,0.19391467102325022,2021-02-24,225.5982,armed_trailing_stop,-58.445600141617376,-1.8860853289767499,297.1369,229,211.7519,,,,,,,,56.55951481264063,,-58.63951481264063,-2.08,0.0,,,,True,,,,,,,,,60,2020-03-26,4.799768707800078,10,,Real Estate,70,,2020-03-26,,,,,291.9748616666674,-3.907158856604176,280.5669400000004,,,,,238.63281333333336,0.8926098511959024,240.76287333333264,242.2939,225.82404400000001,SBAC,2020-04-17
1,,,,85.21658143294806,110080602.95,2021-02-24,False,1673,33.2708,0.1800635907677215,2021-03-23,30.548,stop,-7.746153024566816,-7.999936409232278,38.0142,19,30.5786,,,,,,,,-0.25378338466546246,,-7.926216615334537,-8.18,0.0,,,,True,,,,,,,,,60,2021-02-23,2.716581432948062,10,,Utilities,474,,2021-02-23,,,,,344.09326999999854,1.518414372552268,349.3180316666636,,,,,31.21746500000045,4.23499580550033,32.539523333334,33.1251,30.5786,NRG,
1,,,,86.91145301261886,506303603.78,2020-03-25,False,1442,39.5409,0.24687523113601983,2021-09-16,48.4856,armed_trailing_stop,-61.83574094747017,22.86687523113602,63.8607,373,36.3413,,,,,,,,84.70261617860619,,-62.08261617860619,22.62,0.0,,,,True,,,,,,,,,60,2020-03-24,4.411453012618871,10,,Materials,410,,2020-03-24,,,,,293.6289033333363,-3.760526140756104,282.58691166667074,,,,,37.28913500000005,0.650926871862767,37.531860000000236,39.7946,48.534132,NEM,2020-04-13
1,,,,83.34262811804419,242705616.04,2021-09-16,False,1815,149.2322,0.17999257057986995,2021-10-04,137.0193,stop,-4.1632734387018635,-8.00000742942013,147.7658,12,137.1565,,,,,,,,-3.8367339907182663,,-4.3432660092817335,-8.18,0.0,,,,True,,,,,,,,,60,2021-09-15,0.8426281180441864,10,,Industrials,133,,2021-09-15,,,,,406.6808683333317,1.084290003134769,411.0904683333317,,,,,144.3067716666672,1.9269181211789554,147.08744500000054,148.9347,137.1565,ETN,
1,,,,86.76008017528132,551468059.56,2020-03-27,False,679,79.0114,0.2770696123086793,2021-11-23,108.4213,armed_trailing_stop,-51.431710240640854,37.49706961230868,142.8799,419,72.6179,,,,,,,,88.92877985294953,,-51.70877985294953,37.22,0.0,,,,True,,,,,,,,,60,2020-03-26,4.260080175281322,10,,Communication Services,206,,2020-03-26,,,,,291.9748616666674,-3.907158856604176,280.5669400000004,,,,,80.61239666666673,0.35292131867714627,80.89689499999999,80.9312,108.588724,TMUS,2020-06-08
1,,,,84.99064552373264,1266737752.83,2020-03-18,False,1437,272.096,0.37965571975594514,2021-12-01,514.9981,period_exit,-3.4346458537161766,89.64965571975594,526.6953,431,250.0783,,,,,,,,93.08430157347212,,-3.8143015734721217,89.27,0.0,,,,True,,,,,,,,,60,2020-03-17,2.4906455237326375,10,,Consumer Staples,66,,2020-03-17,,,,,294.92956000000316,-1.9908341277604658,289.0580016666693,,,,,275.9264149999983,0.4998113959721717,277.3055266666658,280.0244,400.288428,COST,2020-10-09
1,,,,86.50652651605222,14557466556.05,2020-03-25,False,1442,96.1305,0.3692055072012437,2021-12-01,177.0728,period_exit,-2.105024174524573,84.56920550720125,186.5705,426,88.3517,,,,,,,,86.67422968172582,,-2.4742296817258165,84.2,0.0,,,,True,,,,,,,,,60,2020-03-24,4.006526516052222,10,,Consumer Discretionary,168,,2020-03-24,,,,,293.6289033333363,-3.760526140756104,282.58691166667074,,,,,96.36841666666685,0.24600037529611818,96.60548333333378,97.005,141.79358000000002,AMZN,2020-04-16
1,,,,87.90373690586713,719599136.54,2020-03-27,False,1444,105.6158,0.27053988909632665,2021-12-01,143.1508,period_exit,-45.979827978086554,35.810539889096326,143.379,424,97.0695,,,,,,,,81.79036786718288,,-46.25036786718288,35.54,0.0,,,,True,,,,,,,,,60,2020-03-26,5.40373690586714,10,,Real Estate,154,,2020-03-26,,,,,291.9748616666698,-3.907158856603987,280.5669400000033,,,,,100.26128166666773,1.496578049263153,101.76177000000098,108.5867,108.96803999999999,DLR,2020-08-04
1,,,,86.9232724884057,237135736.15,2020-03-27,False,1444,93.123,0.24220510503306159,2021-12-01,112.9669,period_exit,-60.23816276214982,21.55220510503306,120.44,424,85.5876,,,,,,,,81.79036786718288,,-60.48036786718288,21.31,0.0,,,,True,,,,,,,,,60,2020-03-26,4.4232724884056935,10,,Information Technology,175,,2020-03-26,,,,,291.9748616666698,-3.907158856603987,280.5669400000033,,,,,92.16316666666559,0.5161136318017068,92.63883333333239,94.38,91.5344,AKAM,2020-08-31
1,,,,86.86900205976792,3238848187.7,2020-03-27,False,1444,35.9449,0.3584850871642402,2021-12-01,64.8831,period_exit,-0.9218827800186347,80.86848508716425,69.169,424,33.0363,,,,,,,,81.79036786718288,,-1.2803678671828749,80.51,0.0,,,,True,,,,,,,,,60,2020-03-26,4.369002059767924,10,,Communication Services,454,,2020-03-26,,,,,291.9748616666698,-3.907158856603987,280.5669400000033,,,,,35.094883333333016,0.46184320316393634,35.25696666666633,36.299,52.568439999999995,NFLX,2020-05-15
1,,,,87.76845475201523,468993689.94,2020-03-31,False,1446,25.9384,0.29399179366269124,2021-12-01,37.666,period_exit,-33.23250564884883,45.50399179366269,42.7377,422,23.8395,,,,,,,,78.73649744251152,,-33.52649744251152,45.21,0.0,,,,True,,,,,,,,,60,2020-03-30,5.268454752015228,10,,Consumer Staples,593,,2020-03-30,,,,,290.0489216666698,-3.942833138039825,278.61277666666916,,,,,25.308378333333287,1.325621613975403,25.643871666666623,25.9738,32.480652,KR,2020-09-02
1,,,,83.18668877994608,91034946.06,2020-11-20,False,1610,10.229,0.6838440845773164,2021-12-01,34.8708,period_exit,213.01436788331745,241.58384408457732,35.8193,258,9.4013,,,,,,,,28.569476201259867,,212.33052379874013,240.9,0.0,,,,True,,,,,,,,,60,2020-11-19,0.6866887799460875,10,,Energy,1654,,2020-11-19,,,,,313.32060333333305,0.8741020020805346,316.0593450000005,,,,,7.392513333333045,1.560790782026622,7.507894999999795,10.2642,27.222668,DVN,2021-01-05
1,,,,83.52762359093083,472940670.5,2021-03-23,False,1692,29.0765,0.27256994411225577,2021-12-01,39.6602,period_exit,20.26131531549824,36.672569944112254,40.4638,176,26.7237,,,,,,,,16.411254628614014,,19.988745371385985,36.4,0.0,,,,True,,,,,,,,,60,2021-03-22,1.0276235909308262,10,,Information Technology,498,,2021-03-22,,,,,351.9650599999984,1.1438554914130705,355.9910316666637,,,,,27.388704999999938,2.1714790823438967,27.983444999999815,28.9386,30.752488,KLAC,2021-11-01
1,,,,85.29198258760194,295522493.4,2021-10-04,False,1253,58.5665,0.233071790255595,2021-12-01,67.4525,period_exit,10.3032169992062,15.403071790255595,70.238,41,53.8274,,,,,,,,5.099854791049396,,10.070145208950603,15.17,0.0,,,,True,,,,,,,,,60,2021-10-01,2.7919825876019377,10,,Information Technology,312,,2021-10-01,,,,,411.7801316666659,0.3154936093545002,413.0792716666658,,,,,56.827466666666865,3.107476196956438,58.59336666666689,59.6,53.8274,FTNT,
1,,,,83.01545222763336,241480247.09,2021-11-23,False,1863,172.6002,0.19519926986769098,2021-12-01,169.0259,period_exit,1.9035606139269357,-1.8748007301323089,175.1162,5,158.6336,,,,,,,,-3.7783613440592445,,1.7083613440592447,-2.07,0.0,,,,True,,,,,,,,,60,2021-11-22,0.5154522276333617,10,,Financials,129,,2021-11-22,,,,,418.3347066666669,0.8712927571901563,421.9796266666662,,,,,165.14632166666755,1.386744984823518,167.43648000000056,170.9789,158.6336,PNC,
1,,,,89.13117306289196,390697662.47,2022-06-22,False,2007,79.7697,0.18000705735339473,2022-06-23,73.2415,stop,-8.980207746265522,-7.999992942646605,78.3993,1,73.3148,,,,,,,,0.9802148036189173,,-9.160214803618917,-8.18,0.0,,,,True,,,,,,,,,60,2022-06-21,6.63117306289196,10,,Energy,353,,2022-06-21,,,,,401.48690166666927,-1.994482252536245,393.4793166666699,,,,,76.1942833333332,4.636690810355715,79.72717666666625,83.1374,73.3148,PSX,
1,,,,84.91053833524622,71668271.45,2022-06-16,False,1814,31.4915,0.18002059757866817,2022-07-05,28.9143,stop,-12.6256552612399,-7.9999794024213315,32.32,11,28.9432,,,,,,,,4.625675858818568,,-12.805675858818567,-8.18,0.0,,,,True,,,,,,,,,60,2022-06-15,2.410538335246215,10,,Unknown,874,,2022-06-15,,,,,401.8878666666686,-1.1798651796400939,397.14613166667016,,,,,30.95866666666698,1.2306731556061212,31.33966666666723,32.34,28.9432,DXC,
1,,,,84.26268299189157,573705665.65,2022-06-21,False,2006,172.6896,0.17745901102109585,2022-07-14,156.6913,stop,-9.83973554671863,-9.082540988978904,180.1224,16,158.7157,,,,,,,,0.7571945577397265,,-10.017194557739726,-9.26,0.0,,,,True,,,,,,,,,60,2022-06-17,1.762682991891562,10,,Industrials,163,,2022-06-17,,,,,401.6815250000024,-1.752952167765065,394.6402400000031,,,,,156.49582333333578,0.009730824126497062,156.51105166666966,169.3858,158.7157,FDX,
1,,,,85.13593142771948,450059559.65,2022-06-16,False,2004,397.4771,0.17999879923326212,2022-08-03,364.9483,stop,-21.525268661843544,-8.000001200766738,411.27,32,365.3136,,,,,,,,13.525267461076806,,-21.705267461076808,-8.18,0.0,,,,True,,,,,,,,,60,2022-06-15,2.6359314277194845,10,,Consumer Discretionary,69,,2022-06-15,,,,,401.8878666666686,-1.1798651796400939,397.14613166667016,,,,,391.9006666666692,1.4560662480793907,397.6070000000007,405.61,365.3136,ULTA,
1,,,,83.48061995408578,601213336.58,2022-08-03,False,2036,438.1063,0.17998039519406994,2022-09-06,402.2524,stop,-2.2839877445139045,-8.00001960480593,474.2742,23,402.6551,,,,,,,,-5.716031860292025,,-2.4639681397079745,-8.18,0.0,,,,True,,,,,,,,,60,2022-08-02,0.9806199540857818,10,,Information Technology,70,,2022-08-02,,,,,374.55298500000015,-0.7185311845794295,371.861705000002,,,,,382.29032166666485,0.2620887695063523,383.2922616666629,433.3062,402.6551,INTU,
1,,,,85.58484846386847,114022541.08,2022-07-14,False,2022,48.2856,0.17781597343651612,2022-09-22,43.9908,stop,-8.14251921513881,-8.712184026563484,52.4707,49,44.3784,,,,,,,,-0.569664811424675,,-8.320335188575326,-8.89,0.0,,,,True,,,,,,,,,60,2022-07-13,3.0848484638684726,10,,Industrials,586,,2022-07-13,,,,,387.8090000000026,-2.5181708865283037,378.04330666666596,,,,,48.95817500000097,0.5666775773401689,49.23561000000094,49.313,44.3784,MAS,
1,,,,86.18078403827316,213332449.55,2022-06-23,False,634,309.3791,0.22944391010383391,2022-10-07,347.694,armed_trailing_stop,16.254277201255473,12.609443910103835,457.95,74,284.3444,,,,,,,,-3.644833291151639,,16.02483329115164,12.38,0.0,,,,True,,,,,,,,,60,2022-06-22,3.680784038273155,10,,Unknown,2,,2022-06-22,,,,,401.4392533333327,-2.2833363347559366,392.2730449999998,,,,,299.53416666666743,1.3974477035172184,303.7200000000002,309.44,348.042,EPAM,2022-08-04
1,,,,85.590894659724,430153353.4,2022-06-16,False,867,180.18,0.2677833388944322,2022-10-13,236.8729,armed_trailing_stop,31.07026673121085,31.727783338894433,320.62,82,165.6,,,,,,,,0.6575166076835837,,30.802483392316418,31.46,0.0,,,,True,,,,,,,,,60,2022-06-15,3.0908946597239972,10,,Unknown,154,,2022-06-15,,,,,401.887866666669,-1.1798651796402049,397.14613166667016,,,,,177.58316666666676,1.9110294800837924,180.9768333333331,188.48,243.6712,ENPH,2022-07-27
1,,,,84.42316984833676,305471345.55,2022-10-07,False,2082,201.7916,0.17997696907379357,2022-10-13,185.2773,stop,-8.876573058828818,-8.000023030926206,194.74,4,185.4628,,,,,,,,0.8765500279026117,,-9.056550027902611,-8.18,0.0,,,,True,,,,,,,,,60,2022-10-06,1.9231698483367587,10,,Information Technology,47,,2022-10-06,,,,,379.0962300000004,-0.5395142899021321,377.05095166667013,,,,,202.62750000000233,1.3836555584346266,205.4311666666695,205.87,185.4628,ADSK,
1,,,,85.8302347321301,563154964.93,2022-06-16,False,511,22.7531,0.22689926056516896,2022-11-14,25.9019,period_exit,5.391893185023866,14.066899260565169,28.4832,104,20.912,,,,,,,,8.675006075541303,,5.164993924458697,13.84,0.0,,,,True,,,,,,,,,60,2022-06-15,3.3302347321300996,10,,Real Estate,1220,,2022-06-15,,,,,401.88786666666664,-1.1798651796405712,397.1461316666663,,,,,22.667731666666654,2.1503695524895283,23.155171666666682,23.1818,21.647232,VICI,2022-08-12
1,,,,85.05736298800187,526718302.11,2022-06-16,False,2004,215.6591,0.21302698966964773,2022-11-14,231.8073,period_exit,-0.9719790858716548,7.703026989669648,242.0779,104,198.2082,,,,,,,,8.675006075541303,,-1.1850060755413026,7.49,0.0,,,,True,,,,,,,,,60,2022-06-15,2.5573629880018767,10,,Consumer Staples,127,,2022-06-15,,,,,401.8878666666686,-1.1798651796400939,397.14613166667016,,,,,210.6224766666671,1.3774978083617828,213.52379666666772,214.8977,198.2082,DG,
1,,,,84.80293782472916,372398860.86,2022-06-16,False,2004,426.6432,0.21792605789263853,2022-11-14,466.1469,period_exit,0.8029199823513355,9.477926057892638,516.4828,104,392.1196,,,,,,,,8.675006075541303,,0.584993924458697,9.26,0.0,,,,True,,,,,,,,,60,2022-06-15,2.3029378247291565,10,,Industrials,64,,2022-06-15,,,,,401.8878666666686,-1.1798651796400939,397.14613166667016,,,,,423.1440433333298,1.1230726450890627,427.89625833333025,429.7793,392.1196,NOC,
1,,,,84.46382221120984,66221546.03,2022-06-16,False,2004,60.1952,0.21736971249063775,2022-11-14,64.1224,period_exit,-1.9376363630506654,6.737369712490637,71.3101,104,55.3243,,,,,,,,8.675006075541303,,-2.155006075541303,6.52,0.0,,,,True,,,,,,,,,60,2022-06-15,1.9638222112098425,10,,Consumer Staples,454,,2022-06-15,,,,,401.8878666666686,-1.1798651796400939,397.14613166667016,,,,,60.480993333333025,0.7839570315697486,60.95513833333292,61.6043,55.3243,BF-B,
1,,,,87.93862145013296,63760765.65,2022-06-21,False,1394,61.5729,0.24791177691887611,2022-11-14,75.9692,period_exit,17.84951121506313,23.627911776918875,79.9557,102,56.5905,,,,,,,,5.7784005618557455,,17.601599438144255,23.38,0.0,,,,True,,,,,,,,,60,2022-06-17,5.438621450132953,10,,Unknown,459,,2022-06-17,,,,,401.6815250000024,-1.752952167765065,394.6402400000031,,,,,57.58090333333336,3.685669282367887,59.70314499999998,60.5221,60.766332,LW,2022-08-15
1,,,,86.60797068751238,75395215.4,2022-07-05,False,2015,43.6712,0.2213063898315344,2022-11-14,48.5095,period_exit,7.431003824534966,11.301306389831534,50.5376,93,40.1374,,,,,,,,3.8703025652965684,,7.209697434703432,11.08,0.0,,,,True,,,,,,,,,60,2022-07-01,4.107970687512374,10,,Unknown,648,,2022-07-01,,,,,395.8414283333366,-2.891561918668739,384.3954283333354,,,,,43.48524500000033,1.2164087688436354,44.01420333333348,44.1715,40.1374,LKQ,
1,,,,83.70830150724672,90786007.55,2022-09-07,False,2060,180.9682,0.20830711109986266,2022-11-14,188.0265,period_exit,4.369005975004447,4.108307111099863,200.3309,48,166.3244,,,,,,,,-0.26069886390458485,,4.160698863904585,3.9,0.0,,,,True,,,,,,,,,60,2022-09-06,1.208301507246723,10,,Information Technology,169,,2022-09-06,,,,,377.2818599999989,-0.28159804272948064,376.21944166666555,,,,,177.62208333333257,0.9267034645172423,179.26811333333026,179.5659,166.3244,VRSN,
1,,,,83.62272045981965,272674791.88,2022-09-22,False,2071,68.0614,0.19189603056202742,2022-11-14,66.1063,period_exit,-8.263055715358302,-2.6781039694379727,69.6562,37,62.5539,,,,,,,,5.58495174592033,,-8.45495174592033,-2.87,0.0,,,,True,,,,,,,,,60,2022-09-21,1.1227204598196483,10,,Consumer Staples,427,,2022-09-21,,,,,376.3720049999984,0.7443499948944554,379.17353,,,,,63.06609000000026,1.8670704547141037,64.24357833333367,67.5949,62.5539,GIS,
1,,,,86.68192572034104,400511799.03,2022-10-13,False,2086,42.832,0.26722143136786514,2022-11-14,57.4842,period_exit,26.51210393387766,34.477221431367866,56.8707,22,39.3661,,,,,,,,7.965117497490204,,26.244882502509796,34.21,0.0,,,,True,,,,,,,,,60,2022-10-12,4.18192572034104,10,,Consumer Discretionary,666,,2022-10-12,,,,,378.3284600000004,-0.7312371724110367,375.5619816666702,,,,,39.5443299999999,3.450688547930003,40.90888166666555,44.1117,43.221732,RCL,2022-11-10
1,,,,84.89008840214012,603221635.39,2022-10-13,False,2086,77.7883,0.22573869390693346,2022-11-14,89.127,period_exit,6.84062119641673,14.805738693906934,89.4458,22,71.4938,,,,,,,,7.965117497490204,,6.614882502509796,14.58,0.0,,,,True,,,,,,,,,60,2022-10-12,2.3900884021401225,10,,Consumer Discretionary,215,,2022-10-12,,,,,378.3284600000004,-0.7312371724110367,375.5619816666702,,,,,77.5576883333335,1.6588512297290858,78.84425500000046,79.3362,71.4938,SBUX,
1,,,,82.6534033098648,42641382.83,2023-01-31,False,2160,13.3357,0.17976838945922324,2023-02-09,12.2443,stop,-8.150307664855294,-8.000231610540776,13.9403,7,12.2566,,,,,,,,0.15007605431451854,,-8.330076054314517,-8.18,0.0,,,,True,,,,,,,,,60,2023-01-30,0.1534033098647969,10,,Unknown,2282,,2023-01-30,,,,,370.50388999999655,0.9014669184712165,373.8438599999955,,,,,11.447221666666518,1.0548702283360134,11.567974999999812,13.3055,12.2566,NWL,
1,,,,82.71115443790865,133985983.8,2023-02-09,False,793,381.1007,0.17999494220940626,2023-02-10,349.9121,stop,-8.23337518810947,-8.000005057790593,365.46,1,350.2624,,,,,,,,0.23337013031887732,,-8.413370130318878,-8.18,0.0,,,,True,,,,,,,,,60,2023-02-08,0.21115443790864497,10,,Unknown,74,,2023-02-08,,,,,372.9423183333313,1.2724519137105261,377.68783000000013,,,,,338.61183333333076,1.483606351619171,343.63549999999816,375.41,350.2624,EPAM,
1,,,,83.23258917280002,918894508.32,2023-02-01,False,2161,294.817,0.17999366431422814,2023-02-21,270.6897,stop,-5.149449157027097,-8.000006335685772,310.4184,13,270.9607,,,,,,,,-2.8505571786586748,,-5.329442821341325,-8.18,0.0,,,,True,,,,,,,,,60,2023-01-31,0.7325891728000133,10,,Consumer Discretionary,105,,2023-01-31,,,,,370.99719166666233,0.9104448971234413,374.3749166666627,,,,,284.43587500000234,1.6430340699234547,289.1092533333373,296.1486,270.9607,HD,
1,,,,83.60326005475659,190150317.97,2023-01-31,False,1865,273.4745,0.18512357888276476,2023-02-22,249.7159,stop,-6.551520665997711,-8.504876421117235,288.3048,15,251.3452,,,,,,,,-1.9533557551195235,,-6.736644244880476,-8.69,0.0,,,,True,,,,,,,,,60,2023-01-30,1.103260054756583,10,,Real Estate,111,,2023-01-30,,,,,370.50389000000047,0.9014669184709279,373.8438599999984,,,,,265.4023916666677,2.004726973227511,270.72298500000034,271.5637,251.3452,SBAC,
1,,,,83.26610615800521,215883261.48,2023-02-10,False,1841,14.8156,0.17987468231749482,2023-03-09,13.6031,stop,-3.9613085513861,-8.000125317682505,15.1742,18,13.6167,,,,,,,,-4.038816766296405,,-4.141183233703595,-8.18,0.0,,,,True,,,,,,,,,60,2023-02-09,0.7661061580052086,10,,Information Technology,1751,,2023-02-09,,,,,373.22133666666537,1.2411558178070825,377.853595000001,,,,,14.320253333333433,2.007261975812291,14.607698333333428,14.7917,13.6167,HPE,
1,,,,83.28070448401564,161685473.36,2023-02-01,False,2161,97.657,0.17986596875708827,2023-03-10,89.6648,stop,-1.9412043560185444,-8.000134031242911,108.8927,26,89.7546,,,,,,,,-6.058929675224367,,-2.1210703247756326,-8.18,0.0,,,,True,,,,,,,,,60,2023-01-31,0.7807044840156374,10,,Financials,316,,2023-01-31,,,,,370.99719166666233,0.9104448971234413,374.3749166666627,,,,,96.77905166666655,1.6911493811390788,98.41572999999966,98.5067,89.7546,TROW,
1,,,,83.19070582783561,129790355.3,2023-02-01,False,1971,337.387,0.1800094763496869,2023-03-15,309.7759,stop,-2.76140115357839,-7.999990523650313,352.89,29,310.086,,,,,,,,-5.238589370071923,,-2.941410629928077,-8.18,0.0,,,,True,,,,,,,,,60,2023-01-31,0.6907058278356137,10,,Information Technology,82,,2023-01-31,,,,,370.99719166666426,0.9104448971236856,374.3749166666656,,,,,331.50116666666776,1.6011507249592993,336.8089999999996,338.14,310.086,IT,
1,,,,86.75476451307783,345871494.59,2023-03-15,False,2190,389.8716,0.17999359969975792,2023-03-17,357.9652,stop,-8.564748200381478,-8.000006400300242,384.248,2,358.3235,,,,,,,,0.5647418000812365,,-8.744741800081236,-8.18,0.0,,,,True,,,,,,,,,60,2023-03-14,4.254764513077824,10,,Industrials,65,,2023-03-14,,,,,379.38568333333046,-0.08194782960715408,379.07478499999854,,,,,385.4980433333355,4.17281668347067,401.5841700000019,402.5626,358.3235,URI,
1,,,,82.56269779548786,323828305.15,2023-01-31,False,706,14.4644,0.18027645797950154,2023-04-24,13.2807,stop,-9.900155168265501,-7.999723542020498,15.94,57,13.294,,,,,,,,1.9004316262450027,,-10.080431626245002,-8.18,0.0,,,,True,,,,,,,,,60,2023-01-30,0.06269779548786492,10,,Communication Services,2109,,2023-01-30,,,,,370.503889999999,0.901466918471483,373.8438599999989,,,,,11.16683333333349,0.9641647139593479,11.27450000000014,14.38,13.294,WBD,
1,,,,82.57127187276734,49789743.46,2023-01-31,False,2160,102.3064,0.1800663261104294,2023-04-26,93.9339,stop,-7.858065104801582,-7.99993367388957,116.8767,59,94.0279,,,,,,,,-0.1418685690879884,,-8.038131430912012,-8.18,0.0,,,,True,,,,,,,,,60,2023-01-30,0.07127187276734226,10,,Financials,297,,2023-01-30,,,,,370.50388999999655,0.9014669184712165,373.8438599999955,,,,,95.62604833333316,0.9727387912385588,96.55624000000002,102.076,94.0279,CINF,
1,,,,83.81488542105546,195660653.38,2023-02-01,False,2161,120.7816,0.21157627646257016,2023-05-02,129.1367,period_exit,6.740156104792683,7.13157627646257,132.8913,62,111.008,,,,,,,,0.3914201716698873,,6.528579828330113,6.92,0.0,,,,True,,,,,,,,,60,2023-01-31,1.3148854210554672,10,,Materials,255,,2023-01-31,,,,,370.99719166666233,0.9104448971234413,374.3749166666627,,,,,115.93140333333382,2.2253303181789086,118.51126000000076,120.5868,111.008,PPG,
1,,,,83.58707829881295,58593132.93,2023-02-01,False,2161,64.7636,0.2138239734401246,2023-05-02,69.5618,period_exit,7.2324038017702375,7.623823973440125,70.5664,62,59.523,,,,,,,,0.3914201716698873,,7.018579828330113,7.41,0.0,,,,True,,,,,,,,,60,2023-01-31,1.0870782988129601,10,,Utilities,476,,2023-01-31,,,,,370.99719166666233,0.9104448971234413,374.3749166666627,,,,,63.61961999999985,1.9975231959364015,64.89043666666645,64.9954,59.523,PNW,
1,,,,83.46693324829167,646453994.58,2023-02-01,False,1568,316.2571,0.2264412728766434,2023-05-02,354.8462,period_exit,12.035021101206755,12.426441272876643,356.9946,62,290.6659,,,,,,,,0.3914201716698873,,11.808579828330112,12.2,0.0,,,,True,,,,,,,,,60,2023-01-31,0.9669332482916682,10,,Materials,97,,2023-01-31,,,,,370.9971916666662,0.9104448971231749,374.3749166666656,,,,,307.58649666666753,1.877378145414843,313.3610583333347,316.1419,290.6659,LIN,
1,,,,84.00746876617083,447219417.11,2023-02-21,False,2174,232.8619,0.20035931313940802,2023-05-02,230.7707,period_exit,-4.036744077448828,-0.699640686860592,243.612,49,214.019,,,,,,,,3.3371033905882364,,-4.237103390588237,-0.9,0.0,,,,True,,,,,,,,,60,2023-02-17,1.5074687661708275,10,,Consumer Staples,122,,2023-02-17,,,,,376.251794999995,0.8491184296770982,379.44661833333083,,,,,231.19492500000052,2.3565871958479256,236.64323500000077,237.6861,214.019,EL,
1,,,,82.6410697836111,428083206.52,2023-02-22,False,1230,93.5387,0.20135066625433165,2023-05-02,93.3344,period_exit,-3.498361465792299,-0.01864933374566835,97.6253,48,85.9697,,,,,,,,3.4797121320466307,,-3.699712132046631,-0.22,0.0,,,,True,,,,,,,,,60,2023-02-21,0.141069783611103,10,,Industrials,296,,2023-02-21,,,,,376.72313166666623,0.7272471751903486,379.46284000000065,,,,,91.11592166666718,0.8683169588014517,91.9070966666671,93.3711,85.9697,RTX,
1,,,,84.12627002540651,60616449.5,2023-03-09,False,2186,79.5895,0.22591286541567968,2023-05-02,89.92,period_exit,7.881575533008966,13.20591286541568,90.39,37,73.1492,,,,,,,,5.3243373324067145,,7.655662667593286,12.98,0.0,,,,True,,,,,,,,,60,2023-03-08,1.6262700254065177,10,,Health Care,299,,2023-03-08,,,,,379.4303199999985,0.03967439045644561,379.58085666666545,,,,,78.07383333333321,1.6659444158629633,79.37450000000003,79.38,73.1492,DVA,
1,,,,83.50178046075686,260920081.46,2023-03-14,False,2189,158.4369,0.2046199744341335,2023-05-02,161.8751,period_exit,-2.9040239170680104,2.3746199744341334,170.6118,34,145.6163,,,,,,,,5.278643891502144,,-3.108643891502144,2.17,0.0,,,,True,,,,,,,,,60,2023-03-13,1.0017804607568626,10,,Financials,179,,2023-03-13,,,,,379.5379783333318,-0.09750144152264051,379.1679233333309,,,,,152.657528333331,0.904279019234222,154.03797833333084,157.0811,145.6163,CME,
1,,,,85.70092462575579,226232213.26,2023-03-17,False,2192,62.6418,0.21096392495095717,2023-05-02,64.6053,period_exit,-2.0053484936859878,3.340963924950957,65.1368,31,57.5729,,,,,,,,5.346312418636945,,-2.216312418636945,3.13,0.0,,,,True,,,,,,,,,60,2023-03-16,3.2009246257557855,10,,Consumer Discretionary,373,,2023-03-16,,,,,379.09854333333203,0.05372481735406165,379.3022133333298,,,,,60.486545000000724,3.254649443109847,62.45516999999963,63.0849,57.5729,RCL,
1,,,,82.70610597926951,190432603.27,2023-04-24,False,2217,65.5565,0.20652230609564515,2023-05-02,66.0317,period_exit,1.3603245966808175,0.9265223060956451,66.7492,6,60.2517,,,,,,,,-0.4338022905851724,,1.1538022905851724,0.72,0.0,,,,True,,,,,,,,,60,2023-04-21,0.2061059792695108,10,,Industrials,427,,2023-04-21,,,,,383.8393716666634,0.7035829392922244,386.5399999999965,,,,,64.18769333333402,0.9096889185617352,64.77160166666775,65.2768,60.2517,PCAR,
1,,,,82.66246078937054,458254926.76,2023-04-26,False,2219,80.8319,0.20295849211186898,2023-05-02,81.0116,period_exit,-1.1795687792193865,0.422958492111869,82.1536,4,74.291,,,,,,,,1.6025272713312555,,-1.3825272713312555,0.22,0.0,,,,True,,,,,,,,,60,2023-04-25,0.1624607893705443,10,,Health Care,345,,2023-04-25,,,,,384.3170966666638,0.625694690015588,386.72174833332923,,,,,72.89086333333302,0.7881554793861323,73.46535666666654,80.6342,74.291,MDT,
1,,,,84.12273818395585,213561855.62,2023-11-01,False,1963,40.6512,0.18004802693034705,2023-11-10,37.3244,stop,-12.246838615733957,-7.999951973069653,43.0051,7,37.3618,,,,,,,,4.246886642664305,,-12.426886642664304,-8.18,0.0,,,,True,,,,,,,,,60,2023-10-31,1.6227381839558408,10,,Energy,723,,2023-10-31,,,,,425.70891333333566,-1.206307057669842,420.57355666666604,,,,,40.365218333333544,0.41643112628599877,40.53331166666685,40.7548,37.3618,EQT,
1,,,,85.57924492459047,410157327.33,2023-11-01,False,2350,144.2107,0.2165817433228252,2024-07-09,157.2017,armed_trailing_stop,-23.649341104540156,9.226581743322825,209.2627,170,132.5413,,,,,,,,32.87592284786298,,-23.865922847862983,9.01,0.0,,,,True,,,,,,,,,60,2023-10-31,3.079244924590474,10,,Energy,202,,2023-10-31,,,,,425.7089133333337,-1.2063070576698531,420.5735566666641,,,,,137.65984333333301,1.872937866920621,140.2381266666666,142.9513,159.039652,MPC,2024-03-13
1,,,,86.38260717326696,825583336.25,2024-07-09,False,1665,227.227,0.18001763878414856,2024-07-17,208.6312,stop,-8.201486654025302,-7.999982361215851,233.45,6,208.84,,,,,,,,0.20150429280945126,,-8.381504292809451,-8.18,0.0,,,,True,,,,,,,,,60,2024-07-08,3.882607173266961,10,,Information Technology,163,,2024-07-08,,,,,507.9278033333316,0.9801576721456318,512.906296666664,,,,,213.81183333333271,4.862764845412593,224.20899999999818,227.12,208.84,FSLR,
1,,,,84.02995388462107,337883347.7,2023-11-01,False,2043,241.0408,0.20818938539868093,2024-08-02,247.8919,armed_trailing_stop,-24.34844969616823,3.048189385398681,326.5,188,221.536,,,,,,,,27.39663908156691,,-24.55663908156691,2.84,0.0,,,,True,,,,,,,,,60,2023-10-31,1.5299538846210603,10,,Information Technology,122,,2023-10-31,,,,,425.7089133333337,-1.2063070576698531,420.5735566666641,,,,,235.33883333333216,0.32364682695120717,236.1004999999995,239.85,248.14000000000001,CDNS,2024-02-07
1,,,,83.1796315293998,229666572.45,2024-07-17,False,2526,223.6134,0.18000430995531858,2024-08-02,205.3133,stop,-3.6835799698725307,-7.999995690044681,228.33,12,205.5188,,,,,,,,-4.3164157201721505,,-3.8635842798278492,-8.18,0.0,,,,True,,,,,,,,,60,2024-07-16,0.6796315293998045,10,,Health Care,163,,2024-07-16,,,,,510.5217666666664,1.528629892568123,518.325755,,,,,218.15049999999658,2.2082614219679275,222.96783333332667,225.02,205.5188,BIIB,
1,,,,85.08152148183515,472267878.05,2023-11-01,False,1806,50.7832,0.43474223762979136,2024-12-19,110.1997,period_exit,76.89020081788794,117.43474223762979,116.53,285,46.6739,,,,,,,,40.54454141974184,,76.45545858025815,117.0,0.0,,,,True,,,,,,,,,60,2023-10-31,2.5815214818351584,10,,Information Technology,576,,2023-10-31,,,,,425.7089133333337,-1.2063070576698531,420.5735566666641,,,,,45.98070833333307,1.3752144241653053,46.61304166666644,50.0925,88.5628,ANET,2024-01-16
1,,,,84.19372154865289,190428408.01,2023-11-01,False,2350,31.1115,0.3193160941343862,2024-12-19,50.1631,period_exit,21.014774674392548,61.55931609413439,56.4205,285,28.594,,,,,,,,40.54454141974184,,20.695458580258162,61.24,0.0,,,,True,,,,,,,,,60,2023-10-31,1.6937215486528934,10,,Energy,945,,2023-10-31,,,,,425.7089133333337,-1.2063070576698531,420.5735566666641,,,,,30.715815000000294,0.48741449098304024,30.865528333333835,30.9724,42.87958,WMB,2024-06-10
1,,,,84.03418488499258,236313259.07,2023-11-01,False,2350,113.1213,0.2596249272442961,2024-12-19,146.1651,period_exit,-11.074916492497543,29.469624927244297,153.897,285,103.9676,,,,,,,,40.54454141974184,,-11.33454141974184,29.21,0.0,,,,True,,,,,,,,,60,2023-10-31,1.5341848849925843,10,,Consumer Discretionary,260,,2023-10-31,,,,,425.7089133333337,-1.2063070576698531,420.5735566666641,,,,,112.09205666666821,0.3278778273227312,112.45958166666824,112.8235,116.96172,ROST,2024-02-08
1,,,,83.98869161789882,42149227.69,2023-11-01,False,2350,63.6824,0.2603559723435822,2024-12-19,81.4843,period_exit,-12.334185447398259,28.21035597234358,86.716,285,58.5293,,,,,,,,40.54454141974184,,-12.59454141974184,27.95,0.0,,,,True,,,,,,,,,60,2023-10-31,1.4886916178988296,10,,Financials,463,,2023-10-31,,,,,425.7089133333337,-1.2063070576698531,420.5735566666641,,,,,62.5063683333341,0.2823845602289765,62.68287666666729,63.4998,65.90415999999999,L,2024-07-17
1,,,,83.901788999869,241456744.8,2023-11-01,False,2350,79.4495,0.3078359223168263,2024-12-19,122.8276,period_exit,14.363294502574988,54.90783592231683,135.9503,285,73.0205,,,,,,,,40.54454141974184,,14.055458580258161,54.6,0.0,,,,True,,,,,,,,,60,2023-10-31,1.4017889998689914,10,,Real Estate,371,,2023-10-31,,,,,425.7089133333337,-1.2063070576698531,420.5735566666641,,,,,78.34568500000096,0.19548194219913828,78.49883666666817,79.1524,103.322228,WELL,2024-05-31
1,,,,83.89745581670707,230841047.79,2023-11-01,False,2350,57.8988,0.3122121285343695,2024-12-19,91.2466,period_exit,17.36767070879253,57.91221212853437,108.3961,285,53.2137,,,,,,,,40.54454141974184,,17.05545858025816,57.6,0.0,,,,True,,,,,,,,,60,2023-10-31,1.3974558167070605,10,,Energy,14,,2023-10-31,,,,,425.7089133333337,-1.2063070576698531,420.5735566666641,,,,,57.0681183333334,0.1911487590372074,57.17720333333345,57.5146,82.38103600000001,OKE,2024-04-24
1,,,,83.86256865501828,734600476.83,2023-11-01,False,2350,29.6028,0.24012307739251426,2024-12-19,35.6415,period_exit,-19.904418342349327,20.640123077392513,39.6548,285,27.2073,,,,,,,,40.54454141974184,,-20.14454141974184,20.4,0.0,,,,True,,,,,,,,,60,2023-10-31,1.3625686550182814,10,,Communication Services,999,,2023-10-31,,,,,425.7089133333337,-1.2063070576698531,420.5735566666641,,,,,27.12545333333255,0.15626159734842826,27.16783999999922,29.3394,30.137648000000002,VZ,2024-07-17
1,,,,83.55609161002951,161403379.93,2023-11-10,False,2357,67.0819,0.24661791176298564,2024-12-19,81.5938,period_exit,-12.942316203265335,21.876617911762985,102.0175,278,61.6537,,,,,,,,34.81893411502832,,-13.18893411502832,21.63,0.0,,,,True,,,,,,,,,60,2023-11-09,1.0560916100295081,10,,Materials,440,,2023-11-09,,,,,422.13908166666323,-0.6530312211596723,419.3823816666632,,,,,62.878501666664185,0.40306038886983586,63.131939999997364,67.2594,77.5333,IFF,2024-05-06
1,,,,82.74343847132806,306656127.69,2024-08-02,False,2538,777.4372,0.2296914898189648,2024-12-19,894.0486,period_exit,4.909244708050366,15.229691489818965,952.9836,97,714.5277,,,,,,,,10.320446781768599,,4.679553218231401,15.0,0.0,,,,True,,,,,,,,,60,2024-08-01,0.2434384713280613,10,,Real Estate,45,,2024-08-01,,,,,520.245623333333,1.2840072779218836,526.9256150000031,,,,,727.3582933333392,1.527445749249945,738.4682966666762,777.1012,714.5277,EQIX,
1,,,,82.68019294364733,187112411.25,2024-08-02,False,2348,488.1376,0.19644826378464963,2024-12-19,486.8527,period_exit,-10.38399851798395,-0.06355173621535037,551.8,97,448.638,,,,,,,,10.320446781768599,,-10.580446781768599,-0.26,0.0,,,,True,,,,,,,,,60,2024-08-01,0.18019294364732819,10,,Information Technology,72,,2024-08-01,,,,,520.245623333333,1.2840072779218836,526.9256150000031,,,,,441.69733333333664,1.4642002215692118,448.16466666666867,493.27,448.638,IT,
1,,,,84.2031053151796,399453986.82,2025-04-09,False,2709,277.1025,0.1858469125832265,2025-04-17,252.1181,stop,-4.785805594106117,-8.834153087416773,289.7704,6,254.6796,,,,,,,,-4.048347493310656,,-4.9716525066893436,-9.02,0.0,,,,True,,,,,,,,,60,2025-04-08,1.7031053151795983,10,,Health Care,142,,2025-04-08,,,,,579.9335349999989,-1.3162916448124284,572.2999183333285,,,,,263.88889833332894,0.38681367036716985,264.9096566666636,276.9142,254.6796,HUM,
1,,,,86.85984102273609,1121390513.78,2025-04-10,False,2710,101.5398,0.18003018190564468,2025-04-25,93.23,stop,-12.967765219580397,-7.999969818094355,103.0642,10,93.3233,,,,,,,,4.9677954014860415,,-13.147795401486041,-8.18,0.0,,,,True,,,,,,,,,60,2025-04-09,4.359841022736088,10,,Health Care,390,,2025-04-09,,,,,579.4249166666647,-1.3176734575476856,571.7899883333303,,,,,98.3646233333328,3.042167565188403,101.3570399999992,101.8546,93.3233,GILD,
1,,,,86.79990809699038,1203343767.48,2025-04-10,False,1945,250.7188,0.17998630404327898,2025-04-25,230.2004,stop,-12.967809097442762,-8.00001369595672,260.8145,10,230.4308,,,,,,,,4.9677954014860415,,-13.147795401486041,-8.18,0.0,,,,True,,,,,,,,,60,2025-04-09,4.299908096990379,10,,Communication Services,157,,2025-04-09,,,,,579.4249166666647,-1.3176734575476856,571.7899883333303,,,,,238.31301666666502,2.9822346394426935,245.42006999999916,249.2655,230.4308,TMUS,
1,,,,86.57662039842526,228262517.58,2025-04-10,False,1395,115.6555,0.18002904625684835,2025-04-29,106.1905,stop,-13.669271607771282,-7.999970953743151,119.6675,12,106.2968,,,,,,,,5.669300654028131,,-13.84930065402813,-8.18,0.0,,,,True,,,,,,,,,60,2025-04-09,4.076620398425257,10,,Financials,341,,2025-04-09,,,,,579.4249166666647,-1.3176734575476856,571.7899883333303,,,,,109.49533999999986,2.7589469408775713,112.51625833333334,115.451,106.2968,BRO,
1,,,,86.58617718640792,830826171.0,2025-04-10,False,2710,479.469,0.179991978947859,2025-05-06,440.2301,stop,-14.523316750442072,-8.00000802105214,509.5,17,440.6708,,,,,,,,6.523308729389932,,-14.703308729389931,-8.18,0.0,,,,True,,,,,,,,,60,2025-04-09,4.086177186407925,10,,Health Care,82,,2025-04-09,,,,,579.4249166666647,-1.3176734575476856,571.7899883333303,,,,,461.5128333333336,2.7685037288602388,474.2898333333355,482.3,440.6708,VRTX,
1,,,,84.92102830703831,3044683278.72,2025-04-25,False,2720,852.7272,0.18000312534307739,2025-05-06,782.9416,stop,-9.481892652265921,-7.999996874656922,890.8096,7,783.7253,,,,,,,,1.4818957776089992,,-9.661895777608999,-8.18,0.0,,,,True,,,,,,,,,60,2025-04-24,2.4210283070383087,10,,Health Care,45,,2025-04-24,,,,,571.7899883333303,-1.9164923993524652,560.8316766666636,,,,,821.9266333333313,0.5045359076858436,826.0735483333314,851.9447,783.7253,LLY,
1,,,,84.14679350155933,748957858.85,2025-05-06,False,529,193.9437,0.18004955051391747,2025-05-07,178.0718,stop,-8.420513410438069,-7.999950449486082,190.11,1,178.25,,,,,,,,0.42056296095198675,,-8.600562960951986,-8.18,0.0,,,,True,,,,,,,,,60,2025-05-05,1.6467935015593294,10,,Consumer Discretionary,198,,2025-05-05,,,,,564.0705383333315,-1.4687557265112283,555.7857199999979,,,,,189.00483333333335,0.17803777504810103,189.34133333333338,205.4,178.25,DASH,
1,,,,84.69758825505869,711176812.82,2025-05-06,False,1219,405.8828,0.1800005613143103,2025-05-13,372.6661,stop,-13.017918959539731,-7.999999438685689,407.0473,5,373.0391,,,,,,,,5.017919520854042,,-13.197919520854041,-8.18,0.0,,,,True,,,,,,,,,60,2025-05-05,2.197588255058691,10,,Health Care,94,,2025-05-05,,,,,564.0705383333368,-1.4687557265114837,555.7857200000018,,,,,401.3965099999992,0.7288325285472075,404.3220183333324,405.9454,373.0391,ELV,
1,,,,85.56610031484874,239468936.01,2025-05-07,False,2728,163.8586,0.17999182136220426,2025-05-21,150.4487,stop,-11.868831735475348,-8.000008178637795,164.5422,10,150.5993,,,,,,,,3.868823556837553,,-12.048823556837553,-8.18,0.0,,,,True,,,,,,,,,60,2025-05-06,3.066100314848741,10,,Consumer Staples,233,,2025-05-06,,,,,562.7738399999973,-1.3590367550368687,555.125536666665,,,,,159.16962500000275,1.7070635598118722,161.886751666667,163.6853,150.5993,HSY,
1,,,,84.54058159914696,91739878.52,2025-05-13,False,2732,40.2231,0.17996155576405393,2025-06-05,36.9313,stop,-9.058223868002601,-8.000038444235946,40.8462,16,36.9683,,,,,,,,1.0581854237666555,,-9.238185423766655,-8.18,0.0,,,,True,,,,,,,,,60,2025-05-12,2.0405815991469622,10,,Unknown,915,,2025-05-12,,,,,559.1595299999987,-1.140120661689148,552.7844366666648,,,,,38.6429866666663,0.9004609374578143,38.99095166666666,40.0209,36.9683,LKQ,
1,,,,84.46649292047526,576477352.36,2025-05-21,False,2738,314.4383,0.18001672461292095,2025-07-18,288.7053,stop,-15.990820706422937,-7.999983275387079,327.1425,39,288.9943,,,,,,,,7.990837431035858,,-16.170837431035856,-8.18,0.0,,,,True,,,,,,,,,60,2025-05-20,1.9664929204752601,10,,Health Care,118,,2025-05-20,,,,,555.125536666665,-0.6702372864475059,551.4048783333332,,,,,310.29463333333456,1.2962556340277542,314.31684500000364,316.4318,288.9943,CI,
1,,,,86.50812037121031,528846129.68,2025-04-10,False,2710,317.4996,0.17999483955747486,2025-07-29,291.516,stop,-29.45679857256802,-8.000005160442525,344.2039,74,291.8078,,,,,,,,21.456793412125496,,-29.636793412125495,-8.18,0.0,,,,True,,,,,,,,,60,2025-04-09,4.00812037121031,10,,Financials,119,,2025-04-09,,,,,579.4249166666647,-1.3176734575476856,571.7899883333303,,,,,308.4609583333329,2.6904469136626252,316.7599366666662,319.5806,291.8078,AJG,
1,,,,83.15946929437087,31024702070.5,2025-07-29,False,1656,325.8755,0.18001596070033177,2025-08-01,299.2065,stop,-5.868560159909897,-7.999984039299668,321.2,3,299.506,,,,,,,,-2.131423879389771,,-6.048576120610228,-8.18,0.0,,,,True,,,,,,,,,60,2025-07-28,0.6594692943708624,10,,Consumer Discretionary,112,,2025-07-28,,,,,578.8758916666692,2.6553630731467104,594.2471483333346,,,,,310.7045000000013,3.314832367517573,321.00383333333497,325.59,299.506,TSLA,
1,,,,83.71365380343663,125936837.3,2025-06-05,False,1992,217.1899,0.18495381151620904,2025-08-06,197.0419,stop,-16.109762976620488,-9.09504618848379,222.7556,42,199.6151,,,,,,,,7.014716788136699,,-16.294716788136697,-9.28,0.0,,,,True,,,,,,,,,60,2025-06-04,1.2136538034366318,10,,Unknown,168,,2025-06-04,,,,,551.4048783333332,0.25233605795029757,552.7962716666651,,,,,209.92448499999202,1.4659898613869293,213.00195666666065,214.8032,199.6151,MKTX,
1,,,,86.5512394570425,374027447.9,2025-04-10,False,2710,233.2377,0.17997621676448894,2025-10-28,214.1499,stop,-39.724767110101304,-8.00002378323551,254.5249,138,214.3643,,,,,,,,31.72474332686579,,-39.90474332686579,-8.18,0.0,,,,True,,,,,,,,,60,2025-04-09,4.051239457042499,10,,Industrials,169,,2025-04-09,,,,,579.4249166666647,-1.3176734575476856,571.7899883333303,,,,,218.6967499999994,2.7335659994948136,224.67496999999955,235.9733,214.3643,RSG,
1,,,,86.09921525873045,614307847.73,2025-04-09,False,2709,3471.7383,0.19078101626208976,2026-01-02,3306.1409,armed_trailing_stop,-30.188839832508453,-4.57921898373791,4354.54,184,3190.8084,,,,,,,,25.609620848770543,,-30.379620848770543,-4.77,0.0,,,,True,,,,,,,,,60,2025-04-08,3.5992152587304482,10,,Consumer Discretionary,11,,2025-04-08,,,,,579.9335349999989,-1.3162916448124284,572.2999183333285,,,,,3413.422501666642,2.28292361391802,3491.3483299999807,3499.0801,3309.4504,AZO,2025-09-11
1,,,,82.6026073620479,592155559.24,2026-01-02,False,2893,30.3932,0.17939132531052593,2026-01-20,27.6145,stop,-8.14237166025099,-8.960608674689475,31.9557,11,27.9338,,,,,,,,-0.8182370144384832,,-8.321762985561517,-9.14,0.0,,,,True,,,,,,,,,60,2025-12-31,0.10260736204790177,10,,Consumer Discretionary,1309,,2025-12-31,,,,,667.6671216666621,0.501127217155295,671.012983333331,,,,,27.365778333334067,0.6037345792031967,27.530995000000498,30.2144,27.9338,CCL,
1,,,,86.09270699745957,991655658.43,2025-04-17,False,2715,126.992,0.16432783608857449,2026-01-22,105.9967,stop,-48.38829179976649,-16.365672163911427,134.3575,191,116.7159,,,,,,,,32.022619635855065,,-48.552619635855066,-16.53,0.0,,,,True,,,,,,,,,60,2025-04-16,3.5927069974595716,10,,Health Care,282,,2025-04-16,,,,,577.2974416666606,-1.8007802534715456,566.9015833333309,,,,,123.79598333333318,1.791926743988026,126.01431666666613,126.2034,116.7159,ABT,
1,,,,84.8407609605864,180583006.83,2025-10-28,False,2848,128.5999,0.23516195612934965,2026-02-12,151.2588,armed_trailing_stop,18.40488601546122,17.85516195612935,199.2239,73,118.1937,,,,,,,,-0.5497240593318686,,18.16972405933187,17.62,0.0,,,,True,,,,,,,,,60,2025-10-27,2.3407609605863966,10,,Industrials,304,,2025-10-27,,,,,642.223695000001,1.0056809982171178,648.6824166666639,,,,,121.9116716666671,3.3464419588035144,125.99137499999924,127.6701,151.41016399999998,CHRW,2025-12-18
1,,,,84.4135405559941,283010546.34,2026-01-20,False,2884,77.1791,0.1799943866508631,2026-02-12,70.8629,stop,-8.544591637466114,-8.000005613349137,77.469,17,70.9338,,,,,,,,0.5445860241169775,,-8.724586024116977,-8.18,0.0,,,,True,,,,,,,,,60,2026-01-16,1.9135405559941088,10,,Financials,473,,2026-01-16,,,,,671.2785949999972,0.6918563124056476,675.9228783333325,,,,,76.3206183333338,2.6053968683997564,78.3090733333338,79.5421,70.9338,SYF,
1,,,,83.65135794785999,74976428.6,2026-02-12,False,472,81.9919,0.17836426529940397,2026-02-17,74.945,stop,-8.643548467279228,-8.411635734700596,75.95,2,75.3572,,,,,,,,0.23191273257863187,,-8.821912732578632,-8.59,0.0,,,,True,,,,,,,,,60,2026-02-11,1.1513579478599878,10,,Health Care,495,,2026-02-11,,,,,677.2908249999964,0.352536888418542,679.6785249999957,,,,,79.57116666666656,1.5038948362785298,80.76783333333314,81.49,75.3572,SOLV,
1,,,,83.49667123959077,244215532.79,2026-02-12,False,2921,361.7738,0.17859603899367826,2026-03-09,329.129,stop,-8.401056044686749,-8.841403961006321,383.0401,16,332.4994,,,,,,,,-0.44034791631957226,,-8.579652083680427,-9.02,0.0,,,,True,,,,,,,,,60,2026-02-11,0.996671239590774,10,,Consumer Discretionary,107,,2026-02-11,,,,,677.2908250000056,0.35253688841918596,679.6785250000092,,,,,350.69051999999795,1.34920812800996,355.4220649999983,357.652,332.4994,RL,
1,,,,84.91503277050971,1360176783.75,2026-03-09,False,2937,226.9767,0.18002468095623847,2026-03-12,208.4014,stop,-6.1998008375156335,-7.999975319043761,225.0,3,208.61,,,,,,,,-1.8001744815281273,,-6.379825518471872,-8.18,0.0,,,,True,,,,,,,,,60,2026-03-06,2.4150327705097174,10,,Industrials,155,,2026-03-06,,,,,682.0973633333381,0.13985857708116445,683.0513350000042,,,,,224.13216666666557,2.554891347590882,229.85850000000016,231.11,208.61,BA,
1,,,,83.46429900290971,162376554.75,2025-08-01,False,2787,67.7176,0.19454389756629886,2026-03-27,67.3218,armed_trailing_stop,-3.2401985950333945,-0.3854561024337011,88.67,164,62.238,,,,,,,,2.8547424925996934,,-3.4347424925996934,-0.58,0.0,,,,True,,,,,,,,,60,2025-07-31,0.9642990029097076,10,,Consumer Discretionary,530,,2025-07-31,,,,,584.036473333335,2.363689991461926,597.8412850000022,,,,,65.9056666666666,3.3279889943716334,68.09900000000053,68.64,67.3892,APTV,2025-09-18
1,,,,86.45017689388122,601016805.38,2026-02-17,False,2923,178.1477,0.17998892170051484,2026-03-27,163.5684,stop,-1.1129491651591605,-8.000011078299485,192.0034,28,163.7321,,,,,,,,-6.887061913140324,,-1.2929380868596754,-8.18,0.0,,,,True,,,,,,,,,60,2026-02-13,3.9501768938812187,10,,Industrials,209,,2026-02-13,,,,,677.6992000000066,0.3638907940281433,680.165285000009,,,,,161.8622416666641,4.314067687909362,168.8450883333314,174.8113,163.7321,CHRW,
1,,,,84.93040568494145,235683309.6,2026-03-12,False,2696,172.9728,0.17998609720831915,2026-05-15,158.817,stop,-19.27957461098233,-8.00001390279168,196.05,45,158.976,,,,,,,,11.279560708190651,,-19.45956070819065,-8.18,0.0,,,,True,,,,,,,,,60,2026-03-11,2.43040568494145,10,,Health Care,187,,2026-03-11,,,,,682.8503883333373,-0.023818296966549024,682.6877450000068,,,,,168.28116666666853,2.406587387974901,172.3310000000056,174.81,158.976,ALGN,
1,,,,85.79546140982805,236750452.38,2025-04-25,False,2554,209.8361,0.26888691613034865,2026-06-02,277.831,armed_trailing_stop,-6.855540690184483,32.66888691613035,365.933,276,192.8564,,,,,,,,39.52442760631483,,-7.124427606314832,32.4,0.0,,,,True,,,,,,,,,60,2025-04-24,3.295461409828049,10,,Financials,4,,2025-04-24,,,,,571.7899883333303,-1.9164923993524652,560.8316766666636,,,,,208.24627999999842,1.3789690104755836,211.1179316666666,211.1254,278.10908,CBOE,2026-01-12
1,,,,83.81345955667771,210188758.25,2026-03-27,False,2951,62.5657,0.1799389534614022,2026-06-03,57.4454,stop,-26.94848249761398,-8.000061046538598,68.1754,46,57.5029,,,,,,,,18.948421451075383,,-27.128421451075383,-8.18,0.0,,,,True,,,,,,,,,60,2026-03-26,1.3134595566777207,10,,Consumer Staples,499,,2026-03-26,,,,,682.4607616666743,-0.5590463043398941,678.6454900000069,,,,,60.592785000001214,0.7544132523378266,61.04990500000179,62.4338,57.5029,TSN,
1,,,,86.17056443529735,3150871967.9,2025-04-09,False,2709,490.49,0.20040612040609318,2026-06-30,499.8896,end_of_data,-35.91257081673571,2.120406120406093,539.8,306,450.8,,,,,,,,38.032976937141804,,-36.1129769371418,1.92,0.0,,,,True,,,,,,,,,60,2025-04-08,3.670564435297352,10,,Financials,79,,2025-04-08,,,,,579.9335349999989,-1.3162916448124284,572.2999183333285,,,,,481.0614999999952,2.3542727904849237,492.3869999999937,492.64,450.8,BRK-B,
1,,,,85.39620247357541,148619120.0,2025-04-09,False,2048,141.3246,0.24855865145905298,2026-06-30,172.0977,end_of_data,-16.01441828568275,22.018558651459053,191.2086,306,129.8887,,,,,,,,38.032976937141804,,-16.262976937141804,21.77,0.0,,,,True,,,,,,,,,60,2025-04-08,2.8962024735754155,10,,Utilities,278,,2025-04-08,,,,,579.9335349999989,-1.3162916448124284,572.2999183333285,,,,,140.55877666666734,1.579910828762987,142.7794800000008,142.8468,145.318536,ATO,2025-10-15
1,,,,85.92656516914968,437454669.57,2025-04-29,False,2722,149.7748,0.30236743426790724,2026-06-30,226.743,end_of_data,15.078761101786277,51.69236743426791,227.73,293,137.6552,,,,,,,,36.61360633248163,,14.77639366751837,51.39,0.0,,,,True,,,,,,,,,60,2025-04-28,3.426565169149687,10,,Real Estate,261,,2025-04-28,,,,,569.9339999999968,-1.8904767920492893,559.1595299999987,,,,,142.27154499999986,1.5360883771003975,144.45696166666602,146.1157,173.07479999999998,WELL,2025-11-07
1,,,,82.55925649981732,114811703.5,2025-07-21,False,2612,68.0079,0.3331448845206211,2026-06-30,113.2466,end_of_data,46.77037642491254,66.85314488452062,114.66,237,62.5048,,,,,,,,20.08276845960808,,46.43723154039192,66.52,0.0,,,,True,,,,,,,,,60,2025-07-18,0.05925649981732839,10,,Health Care,527,,2025-07-18,,,,,569.5071266666695,2.846111296540954,585.7159333333353,,,,,63.778499999999866,2.9053677963582825,65.63150000000023,67.86,87.1416,INCY,2025-08-13
1,,,,83.46146017050513,441276281.8,2025-08-06,False,2790,135.3288,0.38067071818773,2026-06-30,259.178,end_of_data,72.5788892241928,91.90067071818773,265.2947,225,124.3781,,,,,,,,19.321781493994926,,72.19821850600508,91.52,0.0,,,,True,,,,,,,,,60,2025-08-05,0.9614601705051351,10,,Energy,268,,2025-08-05,,,,,588.6617850000019,2.121721728547721,601.1515500000038,,,,,129.30343166666668,3.083181899052856,133.29009166666754,133.9892,201.62397199999998,VLO,2025-09-25
1,,,,84.9507898834106,264058326.7,2026-01-22,False,2906,171.9518,0.2471188902470729,2026-06-30,215.8439,end_of_data,16.81336669789819,25.777118890247074,216.63,109,158.0376,,,,,,,,8.963752192348885,,16.566247807651116,25.53,0.0,,,,True,,,,,,,,,60,2026-01-21,2.450789883410587,10,,Health Care,174,,2026-01-21,,,,,671.9288133333301,0.6619399126435388,676.3765783333355,,,,,165.2461666666631,3.1127297960541256,170.38983333333357,172.62,164.6388,BIIB,2026-06-26
1,,,,84.42585424410028,359275874.98,2026-03-27,False,2951,77.6028,0.2091234336905119,2026-06-30,80.2197,end_of_data,-14.494634836785146,3.579123433690512,82.3291,64,71.3233,,,,,,,,18.073758270475658,,-14.703758270475657,3.37,0.0,,,,True,,,,,,,,,60,2026-03-26,1.925854244100278,10,,Utilities,499,,2026-03-26,,,,,682.4607616666743,-0.5590463043398941,678.6454900000069,,,,,76.16493166666768,1.3668079397603838,77.20596000000077,77.3467,71.3233,XEL,
