date,forward_pe
1990-01-02,15.728
1990-01-05,15.4
1990-01-09,15.287
1990-01-10,15.186
1990-01-12,14.864
1990-01-15,14.735
1990-01-17,14.753
1990-01-19,14.829
1990-01-29,14.22
1990-01-31,14.632
1990-02-01,14.619
1990-02-02,14.714
1990-02-05,14.755
1990-02-08,14.805
1990-02-09,14.834
1990-02-12,14.677
1990-02-13,14.719
1990-02-14,14.763
1990-02-15,14.891
1990-02-20,14.584
1990-02-22,14.482
1990-02-27,14.685
1990-02-28,15.031
1990-03-01,15.07
1990-03-02,15.197
1990-03-08,15.411
1990-03-12,15.338
1990-03-16,15.485
1990-03-22,15.203
1990-03-23,15.273
1990-03-27,15.466
1990-03-29,15.434
1990-04-02,15.63
1990-04-03,15.858
1990-04-04,15.74
1990-04-06,15.694
1990-04-09,15.753
1990-04-11,15.778
1990-04-20,15.465
1990-04-23,15.277
1990-04-26,15.365
1990-05-02,15.536
1990-05-04,15.717
1990-05-10,15.969
1990-05-24,16.647
1990-06-04,17.168
1990-06-06,17.054
1990-06-08,16.762
1990-06-25,16.463
1990-06-26,16.451
1990-06-28,16.712
1990-07-06,16.859
1990-07-13,17.277
1990-07-23,16.713
1990-08-03,16.1
1990-08-16,15.518
1990-08-20,15.337
1990-08-22,14.778
1990-08-24,14.543
1990-08-30,14.879
1990-09-04,14.972
1990-09-05,15.032
1990-09-07,14.986
1990-09-10,14.904
1990-09-12,14.946
1990-09-14,14.682
1990-09-17,14.725
1990-09-18,14.764
1990-09-24,14.114
1990-09-26,14.136
1990-10-01,14.487
1990-10-02,14.499
1990-10-04,14.383
1990-10-09,14.034
1990-10-10,13.817
1990-10-11,13.591
1990-10-12,13.801
1990-10-15,13.948
1990-10-16,13.75
1990-10-17,13.742
1990-10-18,14.063
1990-10-19,14.374
1990-10-22,14.478
1990-10-23,14.368
1990-10-24,14.379
1990-10-25,14.267
1990-10-26,14.016
1990-10-29,13.886
1990-10-30,13.986
1990-10-31,14.068
1990-11-01,14.207
1990-11-05,14.558
1990-11-07,14.161
1990-11-09,14.518
1990-11-12,14.784
1990-11-19,14.777
1990-11-20,14.591
1990-11-21,14.624
1990-11-23,14.581
1990-11-27,14.72
1990-11-28,14.713
1990-11-29,14.642
1990-12-04,15.2
1990-12-07,15.265
1990-12-10,15.319
1990-12-11,15.204
1990-12-12,15.379
1990-12-13,15.34
1990-12-19,15.38
1990-12-20,15.376
1991-01-02,15.298
1991-01-07,14.782
1991-01-09,14.597
1991-01-10,14.739
1991-01-11,14.772
1991-01-14,14.643
1991-01-15,14.701
1991-01-16,14.816
1991-01-30,15.975
1991-02-06,16.906
1991-02-07,16.833
1991-02-12,17.257
1991-02-13,17.423
1991-02-20,17.24
1991-02-21,17.232
1991-03-01,17.616
1991-03-06,17.887
1991-03-18,17.694
1991-03-20,17.495
1991-03-27,17.848
1991-04-02,18.123
1991-04-03,18.096
1991-04-04,18.136
1991-04-22,18.192
1991-05-15,18.103
1991-05-17,18.29
1991-05-20,18.285
1991-05-28,18.759
1991-06-03,19.54
1991-06-04,19.524
1991-06-06,19.317
1991-06-21,19.021
1991-06-26,18.71
1991-07-02,19.447
1991-07-03,19.234
1991-07-08,19.471
1991-07-10,19.358
1991-07-11,19.421
1991-07-12,19.59
1991-07-16,19.657
1991-07-22,19.726
1991-07-23,19.548
1991-07-24,19.507
1991-07-26,19.625
1991-07-30,19.922
1991-07-31,20.584
1991-08-06,20.734
1991-08-07,20.73
1991-08-12,20.596
1991-08-16,20.466
1991-08-19,19.982
1991-08-21,20.732
1991-08-22,20.771
1991-08-23,20.922
1991-08-26,20.905
1991-08-27,20.863
1991-08-29,21.044
1991-08-30,20.989
1991-09-09,21.199
1991-09-10,20.98
1991-09-11,21.009
1991-09-17,21.031
1991-09-19,21.143
1991-09-24,21.152
1991-09-25,21.106
1991-09-26,21.085
1991-10-03,21.575
1991-10-07,21.296
1991-10-10,21.355
1991-10-15,21.942
1991-10-16,22.043
1991-10-22,21.764
1991-10-23,21.77
1991-10-24,21.609
1991-10-29,21.969
1991-10-30,22.052
1991-11-04,22.691
1991-11-06,22.673
1991-11-11,22.856
1991-11-12,23.066
1991-11-20,22.008
1991-11-22,21.869
1991-11-25,21.822
1991-11-29,21.815
1991-12-03,22.963
1991-12-09,22.8
1991-12-11,22.767
1991-12-13,23.175
1991-12-20,23.33
1991-12-26,24.403
1991-12-30,25.024
1992-01-02,26.128
1992-01-03,26.258
1992-01-06,26.172
1992-01-07,26.137
1992-01-09,26.15
1992-01-14,26.327
1992-01-15,26.348
1992-01-20,26.071
1992-01-22,26.182
1992-01-24,26.182
1992-01-31,25.47
1992-02-03,25.516
1992-02-04,25.785
1992-02-06,25.783
1992-02-10,25.78
1992-02-11,25.779
1992-02-12,25.989
1992-02-14,25.7
1992-02-19,25.437
1992-02-21,25.636
1992-02-24,25.687
1992-02-26,25.879
1992-02-27,25.786
1992-03-02,25.586
1992-03-03,25.611
1992-03-06,25.089
1992-03-09,25.137
1992-03-10,25.241
1992-03-12,25.055
1992-03-13,25.176
1992-03-17,25.408
1992-03-19,25.422
1992-03-23,25.429
1992-03-24,25.365
1992-03-26,25.301
1992-03-27,25.031
1992-03-31,24.935
1992-04-01,24.968
1992-04-02,24.737
1992-04-03,24.802
1992-04-06,25.052
1992-04-07,24.587
1992-04-09,24.746
1992-04-10,24.972
1992-04-13,25.082
1992-04-14,25.472
1992-04-15,25.712
1992-04-22,25.313
1992-04-23,25.423
1992-04-24,25.264
1992-04-29,25.449
1992-05-04,25.298
1992-05-05,25.294
1992-05-06,25.291
1992-05-07,25.234
1992-05-11,25.394
1992-05-12,25.26
1992-05-13,25.27
1992-05-14,25.069
1992-05-18,25.049
1992-05-19,25.265
1992-05-21,25.036
1992-05-22,25.123
1992-05-26,24.964
1992-05-28,25.288
1992-05-29,25.203
1992-06-03,24.722
1992-06-04,24.643
1992-06-05,24.656
1992-06-08,24.649
1992-06-11,24.392
1992-06-12,24.434
1992-06-15,24.466
1992-06-16,24.348
1992-06-17,23.987
1992-06-23,24.093
1992-06-24,24.081
1992-06-30,23.938
1992-07-01,24.216
1992-07-02,24.151
1992-07-09,24.295
1992-07-10,24.318
1992-07-13,24.333
1992-07-14,24.497
1992-07-15,24.463
1992-07-16,24.489
1992-07-17,24.377
1992-07-24,24.141
1992-07-29,24.764
1992-07-31,24.408
1992-08-03,24.459
1992-08-04,24.417
1992-08-05,24.292
1992-08-06,24.2
1992-08-10,24.132
1992-08-11,24.102
1992-08-14,24.161
1992-08-17,24.208
1992-08-19,24.061
1992-08-25,23.683
1992-08-26,23.792
1992-08-27,23.793
1992-09-01,23.494
1992-09-08,23.401
1992-09-09,23.51
1992-09-10,23.713
1992-09-11,23.692
1992-09-21,23.836
1992-09-23,23.571
1992-09-25,23.396
1992-09-28,23.525
1992-09-30,23.16
1992-10-01,23.076
1992-10-07,22.409
1992-10-08,22.603
1992-10-12,22.585
1992-10-13,22.688
1992-10-15,22.705
1992-10-16,22.823
1992-10-21,23.042
1992-10-26,23.18
1992-10-27,23.198
1992-11-04,22.681
1992-11-05,22.748
1992-11-06,22.707
1992-11-13,22.971
1992-11-16,22.875
1992-11-17,22.799
1992-11-18,22.993
1992-11-19,23.035
1992-11-20,23.2
1992-11-23,23.117
1992-11-27,23.391
1992-11-30,23.018
1992-12-02,22.94
1992-12-04,23.055
1992-12-08,23.319
1992-12-17,23.235
1992-12-21,23.517
1992-12-22,23.496
1992-12-23,23.427
1992-12-24,23.467
1993-01-05,22.752
1993-01-08,22.475
1993-01-12,22.579
1993-01-15,22.899
1993-01-19,22.794
1993-01-22,22.845
1993-01-25,23.049
1993-01-26,23.046
1993-01-27,22.95
1993-01-29,22.985
1993-02-01,22.881
1993-02-05,23.213
1993-02-09,23.026
1993-02-10,23.073
1993-02-16,22.436
1993-02-22,22.505
1993-02-23,22.482
1993-03-05,22.772
1993-03-09,23.196
1993-03-10,23.294
1993-03-12,22.962
1993-03-15,23.044
1993-03-16,23.041
1993-03-19,22.98
1993-03-25,23.016
1993-03-26,22.858
1993-03-31,22.766
1993-04-01,22.697
1993-04-02,22.247
1993-04-05,22.293
1993-04-16,22.628
1993-04-20,22.434
1993-04-21,22.36
1993-04-22,22.15
1993-04-23,22.028
1993-04-26,21.852
1993-04-27,22.077
1993-04-28,22.078
1993-04-29,22.121
1993-04-30,22.379
1993-05-03,22.494
1993-05-07,22.487
1993-05-10,22.511
1993-05-18,22.385
1993-05-19,22.754
1993-05-20,22.907
1993-05-21,22.666
1993-05-26,23.052
1993-06-01,23.273
1993-06-04,23.08
1993-06-08,22.806
1993-06-14,22.959
1993-06-15,22.886
1993-06-16,22.945
1993-06-17,23.002
1993-06-22,22.868
1993-06-25,22.954
1993-06-28,23.172
1993-06-29,23.112
1993-06-30,23.307
1993-07-02,23.065
1993-07-06,22.837
1993-07-07,22.909
1993-07-08,23.21
1993-07-15,23.24
1993-07-16,23.06
1993-07-19,23.074
1993-08-02,22.862
1993-08-04,22.78
1993-08-10,22.826
1993-08-11,22.878
1993-08-17,23.013
1993-08-25,23.369
1993-08-26,23.415
1993-08-27,23.39
1993-09-02,23.007
1993-09-10,23.028
1993-09-13,23.045
1993-09-14,22.938
1993-09-15,23.022
1993-09-17,22.884
1993-09-20,22.696
1993-09-29,22.948
1993-10-04,22.604
1993-10-05,22.597
1993-10-06,22.574
1993-10-07,22.498
1993-10-11,22.581
1993-10-18,22.952
1993-10-28,22.917
1993-11-01,22.445
1993-11-02,22.413
1993-11-04,21.889
1993-11-05,21.989
1993-11-09,22.025
1993-11-10,22.188
1993-11-12,22.267
1993-11-15,22.189
1993-11-18,22.183
1993-11-19,22.134
1993-11-22,21.968
1993-11-29,22.1
1993-11-30,21.589
1993-12-03,21.734
1993-12-06,21.806
1993-12-09,21.701
1993-12-13,21.772
1993-12-14,21.648
1993-12-15,21.591
1993-12-16,21.662
1993-12-17,21.804
1993-12-20,21.779
1993-12-21,21.753
1993-12-27,21.998
1993-12-30,21.909
1993-12-31,21.309
1994-01-03,21.263
1994-01-05,21.359
1994-01-06,21.339
1994-01-07,21.466
1994-01-12,21.661
1994-01-17,21.622
1994-01-19,21.667
1994-01-24,21.561
1994-01-25,21.513
1994-01-27,21.793
1994-01-28,21.868
1994-01-31,21.733
1994-02-01,21.644
1994-02-02,21.751
1994-02-04,21.201
1994-02-10,21.161
1994-02-11,21.218
1994-02-15,21.323
1994-02-18,21.105
1994-02-23,21.241
1994-02-24,20.95
1994-02-25,21.032
1994-02-28,20.827
1994-03-01,20.706
1994-03-07,20.816
1994-03-10,20.682
1994-03-11,20.795
1994-03-14,20.838
1994-03-15,20.821
1994-03-22,20.901
1994-03-24,20.702
1994-03-25,20.534
1994-03-30,19.864
1994-04-12,19.708
1994-04-14,19.656
1994-04-18,19.483
1994-04-19,19.487
1994-04-20,19.461
1994-04-21,19.759
1994-04-22,19.711
1994-04-25,19.934
1994-04-28,19.775
1994-04-29,19.855
1994-05-05,19.175
1994-05-25,19.386
1994-05-26,19.416
1994-06-02,18.779
1994-06-10,18.821
1994-06-21,18.52
1994-06-27,18.355
1994-07-01,17.706
1994-07-27,17.959
1994-08-17,17.953
1994-08-22,17.843
1994-09-22,17.328
1994-09-28,17.462
1994-09-29,17.364
1994-09-30,16.93
1994-10-04,16.633
1994-10-05,16.594
1994-10-11,17.043
1994-11-02,16.414
1994-11-04,16.266
1994-11-11,16.268
1994-11-17,16.311
1994-11-21,16.126
1994-11-22,15.837
1994-11-28,15.98
1994-11-30,15.98
1994-12-01,15.212
1994-12-06,15.354
1994-12-14,15.417
1994-12-15,15.43
1994-12-20,15.49
1994-12-21,15.575
1994-12-28,15.617
1994-12-29,15.627
1994-12-30,15.563
1995-01-03,15.004
1995-01-06,15.055
1995-01-10,15.088
1995-01-11,15.087
1995-01-12,15.086
1995-01-13,15.228
1995-01-16,15.339
1995-01-18,15.35
1995-01-20,15.189
1995-01-23,15.223
1995-01-25,15.276
1995-01-27,15.372
1995-02-02,15.129
1995-02-07,15.386
1995-02-10,15.407
1995-02-14,15.442
1995-02-16,15.527
1995-02-17,15.423
1995-02-21,15.448
1995-02-27,15.482
1995-03-02,15.208
1995-03-10,15.347
1995-03-14,15.451
1995-03-16,15.53
1995-03-24,15.704
1995-03-27,15.774
1995-03-29,15.772
1995-03-30,15.744
1995-04-06,15.548
1995-04-17,15.549
1995-04-19,15.512
1995-04-21,15.622
1995-04-24,15.757
1995-04-27,15.777
1995-04-28,15.813
1995-05-05,15.676
1995-05-08,15.791
1995-05-09,15.779
1995-05-11,15.804
1995-05-12,15.839
1995-05-19,15.648
1995-05-31,15.781
1995-06-02,15.755
1995-06-05,15.846
1995-06-09,15.846
1995-06-13,15.859
1995-06-14,15.872
1995-06-16,15.971
1995-06-20,16.124
1995-06-22,16.304
1995-06-26,16.099
1995-06-29,16.091
1995-07-05,15.895
1995-07-21,16.08
1995-07-28,16.35
1995-08-04,16.117
1995-08-09,16.139
1995-08-14,16.14
1995-08-15,16.106
1995-08-21,16.093
1995-08-29,16.148
1995-08-31,16.086
1995-09-14,16.708
1995-09-19,16.725
1995-09-20,16.798
1995-09-22,16.654
1995-10-02,16.536
1995-10-04,16.528
1995-10-12,16.575
1995-10-18,16.698
1995-10-30,16.579
1995-11-02,16.961
1995-11-09,17.062
1995-11-14,16.948
1995-11-17,17.258
1995-11-28,17.442
1995-12-01,17.442
1995-12-12,18.003
1995-12-22,17.805
1996-01-04,18.189
1996-01-15,17.663
1996-01-22,18.062
1996-01-24,18.256
1996-01-25,18.169
1996-01-30,18.556
1996-02-01,18.784
1996-02-13,19.432
1996-02-14,19.287
1996-02-22,19.384
1996-02-28,19.384
1996-03-08,18.627
1996-03-14,18.844
1996-03-15,18.86
1996-03-25,19.113
1996-03-26,19.199
1996-04-01,19.205
1996-04-08,18.926
1996-04-12,18.705
1996-04-15,18.875
1996-04-16,18.948
1996-04-29,19.217
1996-05-16,19.366
1996-05-23,19.691
1996-05-24,19.764
1996-05-28,19.581
1996-05-29,19.456
1996-06-07,19.449
1996-06-10,19.415
1996-06-25,19.309
1996-06-28,19.371
1996-07-01,19.361
1996-07-02,19.296
1996-07-03,19.261
1996-07-10,18.793
1996-07-18,18.435
1996-07-26,18.215
1996-07-31,18.144
1996-08-06,18.78
1996-08-27,18.894
1996-08-29,18.639
1996-09-03,18.37
1996-09-25,19.243
1996-10-07,19.537
1996-10-14,19.543
1996-10-16,19.567
1996-10-21,19.718
1996-10-23,19.646
1996-10-28,19.368
1996-10-29,19.486
1996-11-04,19.147
1996-11-07,19.714
1996-11-11,19.829
1996-11-14,19.937
1996-11-18,19.968
1996-11-26,20.481
1996-11-27,20.455
1996-12-02,20.004
1996-12-03,19.785
1996-12-06,19.556
1996-12-18,19.343
1996-12-23,19.749
1996-12-24,19.858
1996-12-26,19.985
1996-12-27,20.01
1997-01-06,19.304
1997-01-07,19.448
1997-01-09,19.49
1997-01-14,19.852
1997-01-16,19.875
1997-01-17,20.041
1997-01-29,19.946
1997-02-04,20.119
1997-02-10,20.021
1997-02-12,20.463
1997-02-13,20.694
1997-02-14,20.609
1997-02-19,20.711
1997-02-20,20.464
1997-02-24,20.655
1997-02-25,20.701
1997-02-26,20.537
1997-02-27,20.267
1997-02-28,19.9
1997-03-04,19.903
1997-03-06,20.095
1997-03-10,20.474
1997-03-11,20.416
1997-03-12,20.238
1997-03-13,19.868
1997-03-17,20.023
1997-03-18,19.871
1997-03-19,19.773
1997-03-20,19.694
1997-03-21,19.731
1997-03-25,19.856
1997-04-01,18.878
1997-04-18,19.044
1997-04-25,19.02
1997-04-28,19.209
1997-05-02,20.153
1997-05-05,20.581
1997-05-06,20.52
1997-05-08,20.334
1997-05-12,20.765
1997-05-13,20.653
1997-05-14,20.725
1997-05-15,20.87
1997-05-16,20.569
1997-05-20,20.864
1997-05-21,20.807
1997-05-22,20.715
1997-05-27,21.064
1997-05-28,21.002
1997-05-30,21.028
1997-06-03,20.902
1997-06-04,20.769
1997-06-10,21.391
1997-06-11,21.497
1997-06-13,22.083
1997-06-16,22.099
1997-06-17,22.112
1997-06-18,21.979
1997-06-23,21.721
1997-06-24,22.159
1997-06-26,21.846
1997-06-30,21.828
1997-07-08,22.657
1997-07-18,22.572
1997-07-21,22.514
1997-07-25,23.151
1997-07-28,23.094
1997-07-29,23.238
1997-07-30,23.484
1997-08-01,23.34
1997-08-04,23.418
1997-08-05,23.469
1997-08-12,22.832
1997-08-13,22.721
1997-08-14,22.789
1997-08-15,22.198
1997-08-20,23.148
1997-08-27,22.516
1997-09-05,22.877
1997-09-08,22.93
1997-09-10,22.631
1997-09-16,23.286
1997-09-17,23.221
1997-09-19,23.406
1997-09-22,23.527
1997-09-23,23.441
1997-10-01,23.509
1997-10-03,23.746
1997-10-07,24.191
1997-10-15,23.763
1997-10-17,23.232
1997-10-20,23.514
1997-10-24,23.17
1997-10-29,22.617
1997-11-03,23.283
1997-11-05,23.376
1997-11-11,22.906
1997-11-13,22.729
1997-11-18,23.264
1997-11-20,23.778
1997-11-28,23.69
1997-12-02,24.274
1997-12-03,24.401
1997-12-05,24.576
1997-12-09,24.376
1997-12-10,24.227
1997-12-11,23.856
1997-12-15,24.067
1997-12-16,24.183
1997-12-17,24.12
1997-12-18,23.865
1997-12-22,23.825
1997-12-24,23.3
1997-12-26,23.394
1997-12-29,23.816
1997-12-30,24.253
1998-01-02,24.548
1998-01-05,24.599
1998-01-09,23.356
1998-01-13,23.971
1998-01-15,23.936
1998-01-22,24.246
1998-01-23,24.109
1998-01-26,24.092
1998-01-27,24.396
1998-01-29,24.811
1998-01-30,24.68
1998-02-03,25.366
1998-02-04,25.388
1998-02-05,25.304
1998-02-11,25.719
1998-02-12,25.823
1998-02-18,26.023
1998-02-19,25.927
1998-02-20,26.077
1998-02-23,26.176
1998-02-24,25.985
1998-02-25,26.296
1998-02-26,26.442
1998-02-27,26.458
1998-03-02,26.457
1998-03-03,26.566
1998-03-05,26.138
1998-03-06,26.659
1998-03-09,26.573
1998-03-11,26.982
1998-03-12,27.018
1998-03-13,26.985
1998-03-16,27.254
1998-03-18,27.412
1998-03-19,27.519
1998-03-23,27.665
1998-03-25,27.827
1998-03-26,27.798
1998-03-30,27.615
1998-03-31,27.864
1998-04-01,28.026
1998-04-03,28.394
1998-04-07,28.061
1998-04-09,28.09
1998-04-13,28.065
1998-04-15,28.309
1998-04-17,28.395
1998-04-20,28.418
1998-04-21,28.494
1998-04-22,28.592
1998-04-23,28.315
1998-04-24,28.02
1998-04-27,27.48
1998-04-29,27.684
1998-05-05,28.348
1998-05-06,28.079
1998-05-07,27.831
1998-05-08,28.161
1998-05-11,28.123
1998-05-12,28.356
1998-05-13,28.434
1998-05-18,28.102
1998-05-19,28.196
1998-05-22,28.22
1998-05-26,27.802
1998-05-29,27.721
1998-06-02,27.917
1998-06-03,27.649
1998-06-05,28.444
1998-06-09,28.56
1998-06-11,27.951
1998-06-12,28.06
1998-06-15,27.503
1998-06-17,28.271
1998-06-19,28.106
1998-06-23,28.588
1998-06-24,28.93
1998-06-26,28.938
1998-06-29,29.073
1998-07-01,29.473
1998-07-02,29.418
1998-07-06,29.698
1998-07-07,29.629
1998-07-08,29.93
1998-07-09,29.73
1998-07-10,29.878
1998-07-13,29.9
1998-07-14,30.218
1998-07-15,30.147
1998-07-16,30.382
1998-07-17,30.453
1998-07-23,29.247
1998-07-24,29.274
1998-07-29,28.874
1998-07-30,29.329
1998-07-31,28.973
1998-08-03,28.76
1998-08-04,27.718
1998-08-07,28.166
1998-08-10,28.003
1998-08-11,27.637
1998-08-12,28.031
1998-08-13,27.79
1998-08-18,28.469
1998-08-19,28.388
1998-08-24,28.132
1998-08-25,28.254
1998-08-28,26.555
1998-09-01,25.906
1998-09-02,25.807
1998-09-03,25.593
1998-09-04,25.375
1998-09-08,26.666
1998-09-09,26.217
1998-09-10,25.539
1998-09-11,26.291
1998-09-14,26.83
1998-09-15,27.037
1998-09-16,27.24
1998-09-21,26.678
1998-09-22,26.827
1998-09-23,27.777
1998-09-28,27.324
1998-09-29,27.332
1998-09-30,26.7
1998-10-01,25.896
1998-10-02,26.322
1998-10-06,25.849
1998-10-08,25.189
1998-10-09,25.844
1998-10-12,26.193
1998-10-14,26.399
1998-10-15,27.5
1998-10-16,27.735
1998-10-19,27.892
1998-10-20,27.932
1998-10-21,28.089
1998-10-23,28.109
1998-10-26,28.152
1998-10-27,27.969
1998-10-29,28.51
1998-10-30,28.844
1998-11-02,29.283
1998-11-03,29.263
1998-11-04,29.47
1998-11-05,29.87
1998-11-09,29.773
1998-11-10,29.722
1998-11-11,29.53
1998-11-12,29.444
1998-11-13,29.655
1998-11-16,29.923
1998-11-17,30.014
1998-11-19,30.364
1998-11-20,30.652
1998-11-23,31.302
1998-11-24,31.164
1998-11-25,31.266
1998-11-27,31.41
1998-11-30,30.751
1998-12-01,31.059
1998-12-02,30.953
1998-12-03,30.395
1998-12-04,31.098
1998-12-07,31.387
1998-12-08,31.22
1998-12-09,31.276
1998-12-10,30.788
1998-12-11,30.826
1998-12-14,30.159
1998-12-15,30.73
1998-12-16,30.707
1998-12-18,31.396
1998-12-21,31.788
1998-12-22,31.807
1998-12-23,32.467
1998-12-24,32.407
1998-12-29,32.817
1998-12-30,32.556
1998-12-31,32.597
1999-01-04,32.567
1999-01-05,33.009
1999-01-06,33.74
1999-01-07,33.671
1999-01-08,33.813
1999-01-11,33.516
1999-01-12,32.87
1999-01-13,32.734
1999-01-14,32.145
1999-01-19,33.201
1999-01-20,33.323
1999-01-21,32.754
1999-01-22,32.49
1999-01-25,32.723
1999-01-26,33.209
1999-01-28,33.555
1999-01-29,33.934
1999-02-01,33.562
1999-02-02,33.272
1999-02-03,33.537
1999-02-04,32.916
1999-02-05,32.676
1999-02-08,32.791
1999-02-09,32.063
1999-02-10,32.258
1999-02-11,33.062
1999-02-12,32.432
1999-02-16,32.741
1999-02-17,32.271
1999-02-18,32.62
1999-02-19,32.671
1999-02-23,33.514
1999-02-24,33.045
1999-02-25,32.824
1999-03-01,32.394
1999-03-04,32.669
1999-03-05,33.424
1999-03-10,33.722
1999-03-12,33.925
1999-03-15,34.257
1999-03-16,34.234
1999-03-17,34.01
1999-03-18,34.501
1999-03-19,34.048
1999-03-22,33.989
1999-03-23,33.075
1999-03-24,33.244
1999-03-26,33.616
1999-03-29,34.334
1999-03-30,34.087
1999-03-31,33.517
1999-04-01,33.708
1999-04-05,34.422
1999-04-06,34.338
1999-04-07,34.572
1999-04-08,35.018
1999-04-09,35.132
1999-04-12,35.4
1999-04-13,35.17
1999-04-14,34.613
1999-04-15,34.467
1999-04-16,34.367
1999-04-19,33.598
1999-04-20,34.033
1999-04-21,34.813
1999-04-22,35.404
1999-04-23,35.353
1999-04-26,35.436
1999-04-27,35.508
1999-04-28,35.198
1999-04-29,34.988
1999-04-30,34.009
1999-05-03,34.504
1999-05-04,33.928
1999-05-05,34.318
1999-05-06,33.929
1999-05-07,34.259
1999-05-10,34.139
1999-05-11,34.529
1999-05-12,34.743
1999-05-13,34.833
1999-05-14,34.075
1999-05-17,34.118
1999-05-18,33.961
1999-05-20,34.102
1999-05-21,33.884
1999-05-24,33.282
1999-05-25,32.715
1999-05-26,33.234
1999-05-27,32.639
1999-05-28,33.159
1999-06-01,32.244
1999-06-02,32.257
1999-06-03,32.375
1999-06-07,33.247
1999-06-08,32.818
1999-06-10,32.457
1999-06-11,32.228
1999-06-14,32.237
1999-06-15,32.416
1999-06-16,33.144
1999-06-17,33.381
1999-06-18,33.454
1999-06-21,33.607
1999-06-23,33.21
1999-06-24,32.78
1999-06-25,32.768
1999-06-28,33.168
1999-06-29,33.668
1999-06-30,33.464
1999-07-01,33.666
1999-07-06,33.84
1999-07-07,34.029
1999-07-08,33.994
1999-07-09,34.21
1999-07-12,34.108
1999-07-13,33.973
1999-07-14,34.085
1999-07-15,34.364
1999-07-16,34.588
1999-07-19,34.316
1999-07-20,33.571
1999-07-21,33.625
1999-07-22,33.178
1999-07-23,33.08
1999-07-26,32.856
1999-07-27,33.224
1999-07-30,32.392
1999-08-02,31.62
1999-08-03,31.48
1999-08-04,31.079
1999-08-05,31.279
1999-08-06,30.959
1999-08-09,30.9
1999-08-10,30.51
1999-08-11,30.998
1999-08-12,30.909
1999-08-13,31.611
1999-08-16,31.685
1999-08-17,32.004
1999-08-18,31.734
1999-08-19,31.514
1999-08-20,31.824
1999-08-25,32.9
1999-08-26,32.429
1999-08-27,32.102
1999-08-30,31.524
1999-08-31,30.721
1999-09-01,30.97
1999-09-02,30.691
1999-09-03,31.578
1999-09-07,31.42
1999-09-08,31.274
1999-09-10,31.449
1999-09-13,31.273
1999-09-14,31.091
1999-09-15,30.665
1999-09-16,30.677
1999-09-17,31.071
1999-09-20,31.073
1999-09-21,30.423
1999-09-22,30.491
1999-09-23,29.791
1999-09-24,29.72
1999-09-27,29.858
1999-09-29,29.511
1999-10-01,29.181
1999-10-04,29.677
1999-10-05,29.603
1999-10-07,29.974
1999-10-08,30.392
1999-10-11,30.373
1999-10-12,29.869
1999-10-13,29.244
1999-10-14,29.195
1999-10-15,28.376
1999-10-18,28.529
1999-10-19,28.692
1999-10-21,29.199
1999-10-22,29.61
1999-10-25,29.427
1999-10-26,29.161
1999-10-27,29.497
1999-10-28,30.538
1999-10-29,31.004
1999-11-01,29.853
1999-11-02,29.712
1999-11-04,30.041
1999-11-08,30.357
1999-11-10,30.279
1999-11-11,30.455
1999-11-12,30.777
1999-11-15,30.741
1999-11-16,31.307
1999-11-17,31.1
1999-11-19,31.349
1999-11-22,31.326
1999-11-23,30.966
1999-11-24,31.241
1999-11-26,31.231
1999-11-29,31.037
1999-12-01,29.885
1999-12-02,30.127
1999-12-03,30.646
1999-12-06,30.433
1999-12-08,30.017
1999-12-09,30.107
1999-12-10,30.298
1999-12-15,30.219
1999-12-16,30.335
1999-12-17,30.383
1999-12-20,30.321
1999-12-21,30.648
1999-12-22,30.706
1999-12-23,31.181
1999-12-27,31.155
1999-12-28,31.167
1999-12-29,31.291
1999-12-30,31.312
1999-12-31,30.501
2000-01-03,30.21
2000-01-04,29.052
2000-01-05,29.108
2000-01-06,29.135
2000-01-07,29.925
2000-01-11,29.864
2000-01-12,29.733
2000-01-13,30.095
2000-01-14,30.416
2000-01-19,30.224
2000-01-20,30.01
2000-01-21,29.922
2000-01-25,29.272
2000-01-26,29.149
2000-01-28,28.237
2000-01-31,28.4
2000-02-01,28.702
2000-02-02,28.699
2000-02-03,29.022
2000-02-07,29.007
2000-02-08,29.363
2000-02-10,28.856
2000-02-11,28.251
2000-02-14,28.308
2000-02-15,28.555
2000-02-16,28.262
2000-02-17,28.274
2000-02-22,27.539
2000-02-23,27.713
2000-02-24,27.565
2000-02-25,27.156
2000-02-29,27.317
2000-03-01,27.573
2000-03-02,27.624
2000-03-06,27.814
2000-03-10,27.89
2000-03-13,27.661
2000-03-14,27.172
2000-03-15,27.832
2000-03-16,29.158
2000-03-17,29.278
2000-03-20,29.121
2000-03-21,29.865
2000-03-23,30.535
2000-03-24,30.537
2000-03-27,30.465
2000-03-28,30.143
2000-03-29,30.158
2000-03-31,29.413
2000-04-03,29.558
2000-04-05,29.193
2000-04-06,29.467
2000-04-07,29.762
2000-04-10,29.528
2000-04-14,26.625
2000-04-17,27.506
2000-04-18,28.295
2000-04-19,28.017
2000-04-20,28.156
2000-04-24,28.064
2000-04-25,28.998
2000-04-26,28.675
2000-04-28,28.507
2000-05-02,28.209
2000-05-03,27.601
2000-05-04,27.493
2000-05-05,27.943
2000-05-10,26.976
2000-05-12,27.715
2000-05-15,28.328
2000-05-16,28.594
2000-05-17,28.239
2000-05-18,28.032
2000-05-19,27.442
2000-05-22,27.32
2000-05-23,26.797
2000-05-24,27.288
2000-05-26,26.878
2000-05-31,27.531
2000-06-01,28.078
2000-06-09,28.235
2000-06-14,28.499
2000-06-15,28.658
2000-06-16,28.381
2000-06-20,28.604
2000-06-21,28.665
2000-06-23,27.936
2000-06-27,28.111
2000-06-28,28.194
2000-07-03,28.304
2000-07-06,28.056
2000-07-07,28.484
2000-07-10,28.421
2000-07-11,28.522
2000-07-12,28.754
2000-07-14,29.083
2000-07-17,29.093
2000-07-19,28.543
2000-07-20,28.805
2000-07-24,28.203
2000-07-25,28.399
2000-07-28,27.348
2000-07-31,27.249
2000-08-01,27.387
2000-08-02,27.399
2000-08-08,28.238
2000-08-09,28.049
2000-08-10,27.809
2000-08-14,28.405
2000-08-15,28.269
2000-08-16,28.182
2000-08-21,28.556
2000-08-24,28.724
2000-08-25,28.689
2000-08-28,28.834
2000-08-29,28.753
2000-09-01,28.634
2000-09-05,28.377
2000-09-06,28.097
2000-09-07,28.291
2000-09-08,28.14
2000-09-12,27.904
2000-09-13,27.959
2000-09-14,27.883
2000-09-15,27.6
2000-09-18,27.198
2000-09-19,27.488
2000-09-20,27.327
2000-09-22,27.278
2000-09-25,27.095
2000-09-26,26.873
2000-09-28,27.458
2000-09-29,27.048
2000-10-02,26.745
2000-10-03,26.564
2000-10-04,26.71
2000-10-05,26.746
2000-10-06,26.238
2000-10-09,26.109
2000-10-10,25.829
2000-10-13,25.59
2000-10-16,25.598
2000-10-17,25.139
2000-10-18,24.993
2000-10-20,26.014
2000-10-24,26.036
2000-10-26,25.409
2000-10-27,25.691
2000-10-30,26.046
2000-10-31,27.242
2000-11-01,27.086
2000-11-02,27.222
2000-11-06,27.295
2000-11-07,27.289
2000-11-08,26.859
2000-11-09,26.685
2000-11-13,25.753
2000-11-14,26.357
2000-11-16,26.154
2000-11-20,25.588
2000-11-21,25.678
2000-11-24,25.572
2000-11-27,25.709
2000-11-29,25.575
2000-11-30,25.668
2000-12-01,25.673
2000-12-04,25.863
2000-12-05,26.87
2000-12-06,26.38
2000-12-07,26.226
2000-12-08,26.74
2000-12-12,26.765
2000-12-14,26.175
2000-12-18,25.82
2000-12-20,24.687
2000-12-22,25.492
2000-12-26,25.672
2000-12-27,25.94
2000-12-28,26.044
2000-12-29,25.772
2001-01-02,25.665
2001-01-04,26.667
2001-01-05,25.967
2001-01-08,25.917
2001-01-11,26.536
2001-01-12,26.366
2001-01-16,26.533
2001-01-17,26.589
2001-01-18,26.959
2001-01-19,26.851
2001-01-22,26.858
2001-01-23,27.208
2001-01-24,27.286
2001-01-25,27.15
2001-01-29,27.283
2001-02-01,28.331
2001-02-02,27.836
2001-02-05,27.935
2001-02-07,27.659
2001-02-08,27.486
2001-02-09,27.12
2001-02-12,27.44
2001-02-14,27.144
2001-02-15,27.364
2001-02-16,26.847
2001-02-20,26.381
2001-02-21,25.893
2001-02-22,25.842
2001-02-26,26.148
2001-02-27,25.948
2001-02-28,26.404
2001-03-01,26.432
2001-03-02,26.282
2001-03-05,26.435
2001-03-07,26.872
2001-03-08,26.932
2001-03-12,25.131
2001-03-13,25.504
2001-03-15,24.991
2001-03-19,24.932
2001-03-21,23.896
2001-03-22,23.799
2001-03-26,24.546
2001-03-27,25.174
2001-03-28,24.559
2001-03-30,24.709
2001-04-02,25.217
2001-04-03,24.35
2001-04-04,24.279
2001-04-06,24.833
2001-04-11,25.658
2001-04-12,26.045
2001-04-16,25.961
2001-04-19,27.59
2001-04-20,27.354
2001-04-23,26.945
2001-04-24,26.617
2001-04-27,27.576
2001-04-30,29.358
2001-05-01,29.757
2001-05-02,29.78
2001-05-07,29.688
2001-05-09,29.5
2001-05-10,29.492
2001-05-11,29.269
2001-05-14,29.345
2001-05-15,29.357
2001-05-16,30.192
2001-05-17,30.275
2001-05-18,30.356
2001-05-21,30.847
2001-05-22,30.766
2001-05-23,30.288
2001-05-25,30.026
2001-05-29,29.792
2001-05-30,29.325
2001-06-01,31.779
2001-06-04,31.941
2001-06-05,32.356
2001-06-06,32.015
2001-06-07,32.19
2001-06-08,31.887
2001-06-11,31.621
2001-06-13,31.298
2001-06-14,30.75
2001-06-15,30.612
2001-06-18,30.462
2001-06-19,30.567
2001-06-20,30.833
2001-06-25,30.718
2001-06-26,30.672
2001-06-27,30.529
2001-06-28,30.91
2001-06-29,30.865
2001-07-03,33.554
2001-07-05,33.141
2001-07-06,32.362
2001-07-09,32.584
2001-07-11,32.079
2001-07-12,32.839
2001-07-13,33.044
2001-07-16,32.684
2001-07-17,33.01
2001-07-18,32.827
2001-07-19,33.026
2001-07-20,32.912
2001-07-23,32.374
2001-07-24,31.847
2001-07-25,32.359
2001-07-26,32.697
2001-07-27,32.776
2001-07-30,32.74
2001-07-31,35.666
2001-08-01,35.805
2001-08-02,35.947
2001-08-03,35.758
2001-08-06,35.35
2001-08-08,34.851
2001-08-09,34.848
2001-08-10,35.046
2001-08-13,35.079
2001-08-14,34.945
2001-08-15,34.688
2001-08-16,34.796
2001-08-17,34.216
2001-08-20,34.494
2001-08-21,34.077
2001-08-22,34.314
2001-08-24,34.892
2001-08-27,34.723
2001-08-28,34.202
2001-08-29,33.822
2001-08-30,33.246
2001-08-31,36.403
2001-09-04,36.382
2001-09-05,36.344
2001-09-06,35.53
2001-09-07,34.868
2001-09-10,35.085
2001-09-17,33.358
2001-09-18,33.164
2001-09-20,31.617
2001-09-21,31.015
2001-09-24,32.224
2001-09-25,32.507
2001-09-26,32.339
2001-09-27,32.711
2001-09-28,33.428
2001-10-01,36.685
2001-10-02,37.136
2001-10-03,37.876
2001-10-04,37.783
2001-10-05,37.845
2001-10-08,37.529
2001-10-09,37.328
2001-10-10,38.184
2001-10-11,38.765
2001-10-12,38.561
2001-10-15,38.502
2001-10-16,38.769
2001-10-17,38.046
2001-10-18,37.747
2001-10-19,37.919
2001-10-22,38.499
2001-10-23,38.318
2001-10-24,38.333
2001-10-25,38.859
2001-10-26,39.018
2001-10-29,38.089
2001-10-30,37.435
2001-10-31,39.106
2001-11-01,40.004
2001-11-02,40.118
2001-11-05,40.695
2001-11-06,41.286
2001-11-07,41.173
2001-11-08,41.275
2001-11-09,41.34
2001-11-12,41.267
2001-11-13,42.033
2001-11-14,42.111
2001-11-15,42.149
2001-11-16,42.017
2001-11-19,42.475
2001-11-20,42.165
2001-11-21,41.957
2001-11-23,42.448
2001-11-26,42.709
2001-11-27,42.417
2001-11-28,41.643
2001-11-29,42.074
2001-11-30,43.994
2001-12-03,43.625
2001-12-04,44.201
2001-12-05,45.187
2001-12-06,45.062
2001-12-11,43.89
2001-12-12,43.902
2001-12-13,43.219
2001-12-14,43.363
2001-12-17,43.798
2001-12-18,44.128
2001-12-19,44.385
2001-12-21,44.204
2001-12-24,44.195
2001-12-26,44.377
2001-12-27,44.677
2001-12-28,44.827
2001-12-31,46.5
2002-01-02,46.767
2002-01-03,47.196
2002-01-04,47.489
2002-01-07,47.181
2002-01-08,47.011
2002-01-09,46.786
2002-01-10,46.843
2002-01-11,46.399
2002-01-14,46.108
2002-01-15,46.423
2002-01-16,45.669
2002-01-17,46.127
2002-01-18,45.67
2002-01-22,45.335
2002-01-23,45.694
2002-01-24,45.855
2002-01-25,45.9
2002-01-28,45.891
2002-01-29,44.578
2002-01-30,45.102
2002-01-31,45.776
2002-02-01,45.452
2002-02-04,44.327
2002-02-05,44.148
2002-02-06,43.885
2002-02-07,43.749
2002-02-08,44.399
2002-02-11,45.036
2002-02-12,44.856
2002-02-13,45.302
2002-02-14,45.22
2002-02-19,43.878
2002-02-20,44.471
2002-02-21,43.781
2002-02-22,44.141
2002-02-25,44.934
2002-02-26,44.932
2002-02-27,44.953
2002-02-28,44.807
2002-03-01,45.821
2002-03-04,46.714
2002-03-05,46.402
2002-03-06,47.076
2002-03-07,46.864
2002-03-08,47.138
2002-03-11,47.298
2002-03-12,47.189
2002-03-13,46.724
2002-03-14,46.682
2002-03-15,47.213
2002-03-18,47.188
2002-03-19,47.38
2002-03-20,46.634
2002-03-21,46.704
2002-03-22,46.506
2002-03-25,45.825
2002-03-26,46.093
2002-03-27,46.339
2002-03-28,46.453
2002-04-01,46.419
2002-04-02,46.023
2002-04-03,45.563
2002-04-04,45.601
2002-04-05,45.455
2002-04-08,45.558
2002-04-09,45.255
2002-04-10,45.768
2002-04-11,44.684
2002-04-12,44.98
2002-04-15,44.638
2002-04-16,45.683
2002-04-17,45.59
2002-04-18,45.525
2002-04-19,45.553
2002-04-22,44.851
2002-04-23,44.573
2002-04-24,44.257
2002-04-25,44.189
2002-04-26,43.576
2002-04-29,43.136
2002-04-30,42.432
2002-05-01,42.808
2002-05-02,42.733
2002-05-03,42.294
2002-05-06,41.476
2002-05-07,41.351
2002-05-08,42.902
2002-05-09,42.278
2002-05-10,41.568
2002-05-13,42.339
2002-05-14,43.234
2002-05-15,42.989
2002-05-16,43.271
2002-05-17,43.601
2002-05-20,43.021
2002-05-21,42.548
2002-05-22,42.79
2002-05-23,43.226
2002-05-24,42.704
2002-05-28,42.338
2002-05-29,42.067
2002-05-30,41.949
2002-05-31,40.949
2002-06-05,40.288
2002-06-06,39.492
2002-06-07,39.429
2002-06-10,39.553
2002-06-11,38.895
2002-06-12,39.15
2002-06-13,38.74
2002-06-14,38.652
2002-06-17,39.761
2002-06-18,39.798
2002-06-19,39.14
2002-06-21,37.956
2002-06-24,38.094
2002-06-25,37.457
2002-06-26,37.357
2002-06-27,38.014
2002-06-28,37.982
2002-07-01,36.225
2002-07-02,35.456
2002-07-03,35.677
2002-07-05,36.987
2002-07-08,36.536
2002-07-09,35.633
2002-07-10,34.423
2002-07-11,34.681
2002-07-12,34.457
2002-07-15,34.328
2002-07-16,33.697
2002-07-17,33.883
2002-07-18,32.968
2002-07-19,31.704
2002-07-22,30.66
2002-07-24,31.542
2002-07-25,31.364
2002-07-26,31.894
2002-07-29,33.619
2002-07-30,33.761
2002-07-31,32.745
2002-08-01,31.777
2002-08-02,31.043
2002-08-05,29.978
2002-08-06,30.875
2002-08-07,31.493
2002-08-08,32.524
2002-08-09,32.638
2002-08-13,31.76
2002-08-14,33.032
2002-08-15,33.414
2002-08-16,33.361
2002-08-19,34.149
2002-08-21,34.101
2002-08-23,33.795
2002-08-26,34.05
2002-08-27,33.578
2002-08-30,32.905
2002-09-03,30.339
2002-09-04,30.871
2002-09-05,30.378
2002-09-09,31.201
2002-09-10,31.43
2002-09-11,31.425
2002-09-12,30.647
2002-09-13,30.747
2002-09-16,30.791
2002-09-17,30.184
2002-09-18,30.044
2002-09-19,29.14
2002-09-20,29.212
2002-09-23,28.808
2002-09-25,29.014
2002-09-26,29.542
2002-09-30,27.14
2002-10-01,28.226
2002-10-02,27.56
2002-10-04,26.65
2002-10-07,26.141
2002-10-08,26.583
2002-10-10,26.762
2002-10-11,27.807
2002-10-14,28.011
2002-10-17,29.268
2002-10-21,29.951
2002-10-22,29.632
2002-10-24,29.377
2002-10-25,29.882
2002-10-28,29.635
2002-10-30,29.651
2002-10-31,30.313
2002-11-01,30.834
2002-11-04,31.087
2002-11-05,31.328
2002-11-06,31.614
2002-11-07,30.892
2002-11-08,30.621
2002-11-11,29.986
2002-11-12,30.217
2002-11-13,30.203
2002-11-14,30.947
2002-11-15,31.137
2002-11-19,30.689
2002-11-20,31.285
2002-11-21,31.956
2002-11-22,31.846
2002-11-25,31.926
2002-11-26,31.256
2002-11-27,32.131
2002-11-29,32.043
2002-12-02,32.894
2002-12-03,32.409
2002-12-04,32.297
2002-12-05,31.91
2002-12-06,32.109
2002-12-09,31.397
2002-12-11,31.854
2002-12-12,31.735
2002-12-13,31.309
2002-12-16,32.045
2002-12-17,31.784
2002-12-18,31.366
2002-12-19,31.125
2002-12-20,31.529
2002-12-23,31.587
2002-12-26,31.315
2002-12-30,30.954
2002-12-31,31.889
2003-01-02,32.948
2003-01-03,32.932
2003-01-07,33.452
2003-01-08,32.98
2003-01-13,33.572
2003-01-14,33.768
2003-01-16,33.15
2003-01-17,32.685
2003-01-23,32.162
2003-01-24,31.221
2003-01-27,30.717
2003-01-28,31.118
2003-01-29,31.329
2003-01-30,30.613
2003-01-31,30.025
2003-02-03,30.187
2003-02-05,29.6
2003-02-06,29.409
2003-02-07,29.112
2003-02-12,28.726
2003-02-14,29.294
2003-02-18,29.866
2003-02-19,29.654
2003-02-20,29.372
2003-02-24,29.213
2003-02-25,29.424
2003-02-27,29.378
2003-02-28,28.601
2003-03-03,28.385
2003-03-04,27.949
2003-03-05,28.217
2003-03-07,28.184
2003-03-11,27.226
2003-03-13,28.286
2003-03-14,28.333
2003-03-18,29.461
2003-03-20,29.775
2003-03-21,30.459
2003-03-24,29.386
2003-03-25,29.743
2003-03-27,29.531
2003-04-02,29.053
2003-04-03,28.907
2003-04-08,28.967
2003-04-09,28.562
2003-04-10,28.746
2003-04-15,29.38
2003-04-17,29.472
2003-04-21,29.42
2003-04-23,30.311
2003-04-24,30.06
2003-04-25,29.644
2003-04-28,30.173
2003-04-29,30.272
2003-04-30,28.898
2003-05-02,29.312
2003-05-05,29.201
2003-05-06,29.448
2003-05-09,29.417
2003-05-12,29.786
2003-05-14,29.602
2003-05-15,29.835
2003-05-19,29.019
2003-05-21,29.102
2003-05-22,29.369
2003-05-27,29.987
2003-05-28,30.042
2003-05-29,29.929
2003-05-30,30.368
2003-06-03,29.317
2003-06-05,29.877
2003-06-06,29.806
2003-06-09,29.449
2003-06-13,29.831
2003-06-16,30.499
2003-06-17,30.527
2003-06-18,30.479
2003-06-19,30.015
2003-06-20,30.045
2003-06-23,29.621
2003-06-24,29.676
2003-06-25,29.43
2003-06-27,29.457
2003-06-30,28.205
2003-07-01,28.432
2003-07-02,28.763
2003-07-07,29.071
2003-07-08,29.17
2003-07-09,29.008
2003-07-10,28.616
2003-07-11,28.89
2003-07-14,29.055
2003-07-15,28.956
2003-07-17,28.415
2003-07-18,28.75
2003-07-21,28.33
2003-07-23,28.614
2003-07-24,28.411
2003-07-25,28.905
2003-07-28,28.843
2003-07-31,27.593
2003-08-01,27.31
2003-08-04,27.384
2003-08-05,26.901
2003-08-07,27.142
2003-08-08,27.239
2003-08-11,27.322
2003-08-12,27.594
2003-08-13,27.418
2003-08-14,27.598
2003-08-15,27.603
2003-08-18,27.856
2003-08-19,27.928
2003-08-20,27.871
2003-08-21,27.954
2003-08-22,27.67
2003-08-25,27.688
2003-08-29,28.086
2003-09-03,27.558
2003-09-04,27.604
2003-09-05,27.427
2003-09-08,27.702
2003-09-10,27.146
2003-09-11,27.294
2003-09-12,27.353
2003-09-15,27.251
2003-09-16,27.64
2003-09-17,27.55
2003-09-18,27.916
2003-09-19,27.828
2003-09-22,27.466
2003-09-23,27.632
2003-09-24,27.105
2003-09-26,26.768
2003-09-29,27.03
2003-09-30,25.816
2003-10-01,26.392
2003-10-02,26.445
2003-10-03,26.694
2003-10-06,26.811
2003-10-07,26.938
2003-10-08,26.796
2003-10-09,26.924
2003-10-10,26.907
2003-10-13,27.096
2003-10-15,27.132
2003-10-16,27.218
2003-10-20,27.078
2003-10-21,27.113
2003-10-22,26.707
2003-10-23,26.795
2003-10-24,26.67
2003-10-27,26.727
2003-10-28,27.133
2003-10-29,27.167
2003-10-30,27.137
2003-11-04,25.095
2003-11-07,25.094
2003-11-10,24.949
2003-11-11,24.936
2003-11-12,25.222
2003-11-14,25.026
2003-11-17,24.866
2003-11-19,24.838
2003-11-21,24.667
2003-11-25,25.111
2003-11-26,25.219
2003-11-28,25.213
2003-12-03,23.478
2003-12-04,23.588
2003-12-05,23.407
2003-12-12,23.686
2003-12-16,23.707
2003-12-22,24.1
2003-12-23,24.168
2003-12-26,24.165
2003-12-31,22.813
2004-01-05,23.025
2004-01-07,23.109
2004-01-08,23.224
2004-01-09,23.017
2004-01-12,23.127
2004-01-13,23.004
2004-01-14,23.195
2004-01-15,23.226
2004-01-20,23.364
2004-01-23,23.421
2004-01-28,23.153
2004-01-29,23.269
2004-01-30,23.207
2004-02-02,22.783
2004-02-03,22.798
2004-02-06,22.989
2004-02-10,22.989
2004-02-12,23.121
2004-02-13,22.994
2004-02-20,22.96
2004-02-25,22.951
2004-02-27,22.977
2004-03-01,22.706
2004-03-03,22.609
2004-03-04,22.685
2004-03-05,22.724
2004-03-08,22.534
2004-03-12,22.011
2004-03-18,22.045
2004-03-22,21.516
2004-03-24,21.436
2004-03-25,21.787
2004-03-29,22.048
2004-03-31,21.658
2004-04-01,21.773
2004-04-02,21.958
2004-04-05,22.126
2004-04-06,22.08
2004-04-07,21.933
2004-04-08,21.91
2004-04-12,22.023
2004-04-14,21.696
2004-04-15,21.708
2004-04-16,21.819
2004-04-19,21.843
2004-04-20,21.503
2004-04-22,21.922
2004-04-23,21.935
2004-04-28,21.585
2004-04-29,21.421
2004-04-30,20.744
2004-05-04,20.973
2004-05-05,21.01
2004-05-07,20.583
2004-05-11,20.522
2004-05-12,20.556
2004-05-14,20.526
2004-05-17,20.309
2004-05-20,20.404
2004-05-24,20.521
2004-05-26,20.887
2004-06-01,20.471
2004-06-07,20.822
2004-06-14,20.546
2004-06-15,20.668
2004-06-16,20.697
2004-06-17,20.669
2004-06-21,20.637
2004-06-22,20.712
2004-06-25,20.713
2004-06-28,20.693
2004-06-29,20.745
2004-06-30,20.318
2004-07-02,20.042
2004-07-07,19.917
2004-07-12,19.846
2004-07-13,19.86
2004-07-15,19.71
2004-07-19,19.606
2004-07-23,19.345
2004-07-29,19.598
2004-07-30,19.621
2004-08-03,19.398
2004-08-18,19.319
2004-08-20,19.375
2004-08-25,19.491
2004-08-26,19.494
2004-08-30,19.389
2004-09-07,19.593
2004-09-08,19.505
2004-09-09,19.542
2004-09-13,19.672
2004-09-14,19.716
2004-09-15,19.577
2004-09-22,19.458
2004-09-28,19.396
2004-10-07,19.572
2004-10-12,19.419
2004-10-14,19.098
2004-10-19,19.097
2004-10-21,19.153
2004-10-22,18.967
2004-10-29,19.564
2004-11-03,19.7
2004-11-05,20.096
2004-11-09,20.06
2004-11-11,20.222
2004-11-12,20.406
2004-11-15,20.4
2004-11-17,20.368
2004-11-19,20.168
2004-11-22,20.287
2004-11-26,20.38
2004-11-29,20.31
2004-11-30,20.138
2004-12-01,20.439
2004-12-02,20.421
2004-12-03,20.435
2004-12-06,20.419
2004-12-09,20.402
2004-12-13,20.564
2004-12-17,20.488
2004-12-22,20.751
2004-12-23,20.761
2004-12-27,20.671
2004-12-31,20.699
2005-01-04,20.291
2005-01-05,20.218
2005-01-07,20.259
2005-01-10,20.329
2005-01-11,20.205
2005-01-13,20.11
2005-01-19,20.233
2005-01-20,20.075
2005-01-21,19.947
2005-01-24,19.876
2005-01-25,19.956
2005-01-26,20.052
2005-01-27,20.061
2005-01-28,20.006
2005-02-01,20.122
2005-02-02,20.186
2005-02-03,20.13
2005-02-04,20.352
2005-02-07,20.33
2005-02-08,20.34
2005-02-14,20.405
2005-02-17,20.314
2005-02-18,20.328
2005-02-22,20.033
2005-02-23,20.145
2005-02-25,20.493
2005-03-02,20.283
2005-03-03,20.289
2005-03-07,20.538
2005-03-08,20.44
2005-03-11,20.115
2005-03-14,20.228
2005-03-16,19.914
2005-03-17,19.95
2005-03-18,19.94
2005-03-21,19.842
2005-03-22,19.64
2005-03-24,19.635
2005-03-28,19.683
2005-04-01,19.53
2005-04-04,19.53
2005-04-05,19.618
2005-04-06,19.662
2005-04-07,19.78
2005-04-13,19.492
2005-04-22,19.132
2005-04-28,19.132
2005-05-20,19.423
2005-05-25,19.435
2005-05-27,19.578
2005-06-09,19.292
2005-06-21,19.496
2005-06-22,19.5
2005-06-27,19.128
2005-07-15,19.411
2005-07-18,19.303
2005-07-19,19.433
2005-07-20,19.526
2005-07-22,19.502
2005-07-27,19.551
2005-07-28,19.66
2005-07-29,19.51
2005-08-04,19.211
2005-08-08,19.013
2005-08-10,19.107
2005-08-11,19.242
2005-08-15,19.18
2005-08-16,18.954
2005-08-17,18.968
2005-08-18,18.949
2005-08-22,18.992
2005-09-06,18.859
2005-09-13,18.826
2005-09-28,18.607
2005-10-05,17.999
2005-10-12,17.717
2005-10-17,17.904
2005-10-31,17.858
2005-11-01,17.795
2005-11-16,18.216
2005-12-01,18.406
2005-12-06,18.392
2005-12-13,18.446
2005-12-29,18.257
2006-01-13,18.439
2006-01-17,18.372
2006-01-18,18.301
2006-01-23,18.099
2006-02-01,18.119
2006-02-02,17.955
2006-02-08,17.881
2006-02-15,18.084
2006-02-21,18.127
2006-02-27,18.284
2006-02-28,17.856
2006-03-03,17.948
2006-03-14,18.091
2006-03-16,18.2
2006-04-28,18.035
2006-05-02,17.92
2006-05-11,17.821
2006-05-18,17.219
2006-05-24,17.175
2006-05-30,17.192
2006-06-02,17.437
2006-06-08,17.027
2006-06-09,16.95
2006-06-22,16.86
2006-06-28,16.865
2006-06-30,16.865
2006-07-07,16.989
2006-07-10,17.014
2006-07-21,16.65
2006-07-28,16.65
2006-08-01,16.756
2006-08-04,16.867
2006-08-24,17.087
2006-08-30,17.195
2006-09-08,16.823
2006-09-12,17.007
2006-09-14,17.048
2006-09-15,17.095
2006-09-26,17.308
2006-09-29,17.302
2006-10-02,16.944
2006-10-04,17.185
2006-10-10,17.226
2006-10-11,17.181
2006-10-13,17.381
2006-10-19,17.398
2006-10-27,17.53
2006-10-30,17.538
2006-10-31,17.322
2006-11-02,17.188
2006-11-07,17.383
2006-11-09,17.327
2006-11-15,17.556
2006-11-20,17.605
2006-11-21,17.634
2006-12-12,17.528
2006-12-13,17.549
2006-12-18,17.664
2006-12-22,17.518
2006-12-27,17.718
2007-01-03,17.379
2007-01-04,17.401
2007-01-12,17.553
2007-01-17,17.551
2007-01-18,17.499
2007-01-23,17.519
2007-01-29,17.429
2007-01-30,17.529
2007-02-06,17.646
2007-02-08,17.649
2007-02-09,17.524
2007-02-12,17.467
2007-02-16,17.738
2007-02-27,17.049
2007-02-28,17.032
2007-03-05,16.636
2007-03-07,16.852
2007-03-08,16.972
2007-03-09,16.984
2007-03-16,16.791
2007-03-23,17.386
2007-03-27,17.296
2007-03-28,17.158
2007-04-03,17.291
2007-04-09,17.374
2007-04-12,17.412
2007-04-27,17.968
2007-05-29,18.129
2007-07-09,18.039
2007-07-13,18.282
2007-07-30,17.356
2007-07-31,17.574
2007-08-15,16.987
2007-08-16,17.042
2007-08-17,17.461
2007-08-20,17.456
2007-08-23,17.661
2007-08-24,17.865
2007-08-28,17.297
2007-08-30,17.602
2007-09-04,18.454
2007-09-06,18.319
2007-09-12,18.233
2007-09-13,18.386
2007-09-20,18.817
2007-09-21,18.904
2007-09-25,18.798
2007-10-02,19.677
2007-10-03,19.588
2007-10-05,19.817
2007-10-09,19.913
2007-10-11,19.776
2007-10-15,19.704
2007-11-02,20.275
2007-11-06,20.417
2007-11-07,19.818
2007-11-09,19.523
2007-11-13,19.891
2007-11-16,19.591
2007-11-21,19.027
2007-11-23,19.349
2007-11-27,19.181
2007-11-30,21.063
2007-12-03,20.939
2007-12-04,20.802
2007-12-05,21.118
2007-12-11,21.013
2007-12-12,21.14
2007-12-13,21.166
2007-12-14,20.875
2007-12-17,20.562
2007-12-19,20.663
2007-12-24,21.281
2007-12-27,20.995
2007-12-28,21.025
2008-01-04,21.33
2008-01-07,21.399
2008-01-09,21.292
2008-01-10,21.462
2008-01-11,21.17
2008-01-14,21.4
2008-01-15,20.867
2008-01-16,20.749
2008-01-17,20.146
2008-01-18,20.024
2008-01-23,20.227
2008-01-30,20.487
2008-01-31,21.456
2008-02-05,20.804
2008-02-11,20.842
2008-02-13,21.28
2008-02-19,20.993
2008-02-21,20.895
2008-02-22,21.06
2008-02-25,21.351
2008-02-26,21.499
2008-02-29,21.352
2008-03-03,21.363
2008-03-05,21.401
2008-03-06,20.93
2008-03-07,20.754
2008-03-10,20.433
2008-03-11,21.191
2008-03-13,21.108
2008-03-14,20.67
2008-03-25,21.71
2008-03-26,21.52
2008-03-27,21.273
2008-03-28,21.104
2008-03-31,21.903
2008-04-01,22.689
2008-04-03,22.674
2008-04-11,22.07
2008-04-14,21.996
2008-04-16,22.598
2008-04-18,23.023
2008-04-22,22.784
2008-05-02,24.641
2008-05-05,24.529
2008-05-12,24.461
2008-05-15,24.81
2008-05-20,24.632
2008-05-22,24.3
2008-05-27,24.143
2008-05-29,24.368
2008-05-30,24.405
2008-06-02,25.481
2008-06-04,25.325
2008-06-05,25.819
2008-06-09,25.042
2008-06-10,24.981
2008-06-12,24.639
2008-06-16,25.012
2008-06-17,24.842
2008-06-20,24.236
2008-06-25,24.31
2008-06-27,23.508
2008-06-30,24.917
2008-07-01,25.013
2008-07-03,24.584
2008-07-07,24.378
2008-07-09,24.23
2008-07-11,24.129
2008-07-15,23.65
2008-07-21,24.528
2008-07-22,24.859
2008-07-23,24.96
2008-07-25,24.484
2008-07-28,24.029
2008-07-29,24.59
2008-08-01,25.43
2008-08-05,25.926
2008-08-06,26.013
2008-08-07,25.546
2008-08-08,26.157
2008-08-11,26.338
2008-08-12,26.021
2008-08-14,26.088
2008-08-15,26.195
2008-08-18,25.799
2008-08-19,25.559
2008-08-21,25.781
2008-08-22,26.073
2008-08-25,25.562
2008-08-28,26.245
2008-08-29,25.884
2008-09-02,26.75
2008-09-03,26.696
2008-09-04,25.897
2008-09-05,26.012
2008-09-08,26.545
2008-09-09,25.639
2008-09-10,25.796
2008-09-11,26.153
2008-09-15,24.973
2008-09-16,25.41
2008-09-18,25.262
2008-09-19,26.279
2008-09-25,25.318
2008-09-26,25.398
2008-09-30,25.383
2008-10-02,24.25
2008-10-03,23.922
2008-10-13,21.836
2008-10-15,19.757
2008-10-17,20.469
2008-10-23,19.763
2008-10-28,20.468
2008-10-29,20.241
2008-10-31,27.22
2008-11-03,27.151
2008-11-04,28.259
2008-11-05,26.771
2008-11-06,25.425
2008-11-07,26.159
2008-11-10,25.828
2008-11-11,25.258
2008-11-12,23.948
2008-11-13,25.605
2008-11-14,24.538
2008-11-17,23.904
2008-11-18,24.139
2008-11-20,21.142
2008-11-28,25.182
2008-12-01,32.338
2008-12-02,33.63
2008-12-03,34.498
2008-12-04,33.487
2008-12-05,34.71
2008-12-08,36.042
2008-12-09,35.209
2008-12-10,35.628
2008-12-11,34.611
2008-12-12,34.855
2008-12-15,34.412
2008-12-16,36.18
2008-12-17,35.833
2008-12-18,35.074
2008-12-19,35.177
2008-12-22,34.534
2008-12-23,34.198
2008-12-24,34.396
2008-12-29,34.446
2008-12-30,35.287
2008-12-31,60.702
2009-01-02,62.621
2009-01-05,62.329
2009-01-06,62.816
2009-01-07,60.931
2009-01-08,61.138
2009-01-09,59.835
2009-01-12,58.485
2009-01-13,58.588
2009-01-14,56.628
2009-01-15,56.703
2009-01-16,57.132
2009-01-20,54.114
2009-01-21,56.468
2009-01-22,55.612
2009-01-23,55.911
2009-01-26,56.221
2009-01-27,56.835
2009-01-28,58.743
2009-01-29,56.797
2009-01-30,55.503
2009-02-02,67.604
2009-02-03,68.674
2009-02-04,68.16
2009-02-05,69.275
2009-02-06,71.138
2009-02-09,71.244
2009-02-10,67.744
2009-02-11,68.283
2009-02-12,68.402
2009-02-13,67.718
2009-02-17,64.633
2009-02-18,64.572
2009-02-19,63.795
2009-02-20,63.067
2009-02-23,60.879
2009-02-24,63.32
2009-02-25,62.645
2009-02-26,61.657
2009-02-27,60.204
2009-03-02,73.538
2009-03-03,73.067
2009-03-04,74.803
2009-03-05,71.621
2009-03-06,71.708
2009-03-09,70.99
2009-03-10,75.509
2009-03-11,75.694
2009-03-12,78.776
2009-03-13,79.386
2009-03-16,79.107
2009-03-17,81.65
2009-03-18,83.353
2009-03-19,82.271
2009-03-20,80.644
2009-03-23,86.35
2009-03-24,84.588
2009-03-25,85.402
2009-03-26,87.393
2009-03-27,85.618
2009-03-30,82.637
2009-03-31,116.308
2009-04-01,118.233
2009-04-02,121.63
2009-04-03,122.813
2009-04-06,121.79
2009-04-07,118.885
2009-04-08,120.286
2009-04-09,124.863
2009-04-13,125.179
2009-04-14,122.668
2009-04-15,124.207
2009-04-16,126.137
2009-04-17,126.764
2009-04-20,121.34
2009-04-21,123.918
2009-04-22,122.966
2009-04-23,124.187
2009-04-24,126.273
2009-04-27,125.001
2009-04-28,124.659
2009-04-29,127.353
2009-04-30,123.278
2009-05-01,123.944
2009-05-04,128.141
2009-05-05,127.655
2009-05-06,129.877
2009-05-07,128.162
2009-05-08,131.247
2009-05-11,128.424
2009-05-12,128.298
2009-05-13,124.847
2009-05-14,126.14
2009-05-15,124.701
2009-05-18,128.49
2009-05-19,128.267
2009-05-20,127.609
2009-05-21,125.47
2009-05-22,125.282
2009-05-26,128.578
2009-05-27,126.138
2009-05-28,128.083
2009-05-29,129.822
2009-06-01,129.337
2009-06-02,129.594
2009-06-03,127.813
2009-06-04,129.281
2009-06-05,128.956
2009-06-08,128.826
2009-06-09,129.277
2009-06-10,128.827
2009-06-11,129.615
2009-06-12,129.796
2009-06-15,126.711
2009-06-16,125.099
2009-06-17,124.926
2009-06-18,125.977
2009-06-19,126.369
2009-06-22,122.502
2009-06-23,122.785
2009-06-24,123.586
2009-06-25,126.236
2009-06-26,126.049
2009-06-29,127.192
2009-06-30,122.413
2009-07-02,119.364
2009-07-06,119.67
2009-07-07,117.314
2009-07-08,117.119
2009-07-09,117.534
2009-07-10,117.061
2009-07-13,119.98
2009-07-14,120.618
2009-07-15,124.192
2009-07-16,125.265
2009-07-17,125.217
2009-07-20,126.648
2009-07-21,127.108
2009-07-22,127.04
2009-07-23,129.999
2009-07-24,130.394
2009-07-27,130.783
2009-07-28,130.442
2009-07-29,129.847
2009-07-31,107.452
2009-08-03,109.1
2009-08-04,109.429
2009-08-05,109.11
2009-08-06,108.496
2009-08-07,109.954
2009-08-10,109.587
2009-08-11,108.199
2009-08-12,109.446
2009-08-13,110.199
2009-08-14,109.259
2009-08-17,106.608
2009-08-18,107.69
2009-08-19,108.429
2009-08-20,109.616
2009-08-21,111.657
2009-08-24,111.596
2009-08-25,111.861
2009-08-26,111.874
2009-08-27,112.185
2009-08-28,111.962
2009-08-31,93.98
2009-09-01,91.901
2009-09-02,91.598
2009-09-03,92.379
2009-09-04,93.591
2009-09-08,94.419
2009-09-09,95.154
2009-09-10,96.145
2009-09-11,96.016
2009-09-14,96.624
2009-09-15,96.927
2009-09-16,98.413
2009-09-17,98.111
2009-09-18,98.37
2009-09-21,98.035
2009-09-22,98.68
2009-09-23,97.686
2009-09-24,96.757
2009-09-25,96.168
2009-09-28,97.88
2009-09-29,97.662
2009-09-30,84.297
2009-10-01,82.125
2009-10-02,81.755
2009-10-05,82.971
2009-10-06,84.108
2009-10-07,84.337
2009-10-08,84.967
2009-10-09,85.446
2009-10-12,85.821
2009-10-13,85.581
2009-10-14,87.083
2009-10-15,87.445
2009-10-16,86.737
2009-10-19,87.553
2009-10-20,87.006
2009-10-21,86.236
2009-10-22,87.154
2009-10-23,86.093
2009-10-26,85.084
2009-10-27,84.801
2009-10-28,83.144
2009-10-29,85.017
2009-10-30,82.631
2009-11-02,41.139
2009-11-03,41.239
2009-11-04,41.282
2009-11-05,42.076
2009-11-06,42.181
2009-11-09,43.12
2009-11-10,43.117
2009-11-11,43.334
2009-11-12,42.889
2009-11-13,43.135
2009-11-16,43.759
2009-11-17,43.8
2009-11-18,43.779
2009-11-19,43.191
2009-11-20,43.052
2009-11-23,43.639
2009-11-24,43.615
2009-11-25,43.812
2009-11-27,43.057
2009-11-30,28.711
2009-12-01,29.058
2009-12-02,29.068
2009-12-03,28.824
2009-12-04,28.983
2009-12-07,28.911
2009-12-09,28.72
2009-12-10,28.888
2009-12-11,28.994
2009-12-17,28.723
2009-12-18,28.891
2009-12-21,29.194
2009-12-24,29.52
2009-12-28,29.554
2009-12-29,29.513
2009-12-30,29.518
2009-12-31,21.878
2010-01-04,22.229
2010-01-07,22.399
2010-01-20,22.328
2010-01-21,21.905
2010-01-25,21.518
2010-01-26,21.428
2010-01-27,21.532
2010-01-28,21.278
2010-01-29,21.069
2010-02-03,20.211
2010-02-04,19.582
2010-02-08,19.465
2010-02-10,19.675
2010-02-12,19.81
2010-02-16,20.167
2010-02-17,20.253
2010-02-18,20.386
2010-02-22,20.409
2010-02-23,20.162
2010-02-24,20.358
2010-02-25,20.316
2010-03-02,19.412
2010-03-03,19.42
2010-03-04,19.493
2010-03-09,19.796
2010-03-11,19.966
2010-03-12,19.962
2010-03-15,19.971
2010-03-17,20.243
2010-03-18,20.237
2010-03-19,20.134
2010-03-22,20.236
2010-03-25,20.235
2010-04-07,19.407
2010-04-08,19.472
2010-04-09,19.602
2010-04-12,19.637
2010-04-14,19.637
2010-04-20,19.812
2010-04-21,19.792
2010-04-23,19.978
2010-05-07,17.636
2010-05-20,17.012
2010-06-01,16.462
2010-06-08,16.328
2010-06-09,16.231
2010-06-14,16.753
2010-06-15,17.147
2010-06-24,16.508
2010-06-29,16.009
2010-07-06,15.321
2010-07-07,15.801
2010-07-08,15.95
2010-07-15,16.341
2010-07-23,16.433
2010-07-30,16.417
2010-08-06,16.329
2010-08-16,15.714
2010-08-18,15.929
2010-08-23,15.539
2010-08-24,15.313
2010-08-25,15.364
2010-08-26,15.246
2010-08-27,15.498
2010-08-30,15.27
2010-09-08,15.638
2010-09-13,15.966
2010-09-15,16.011
2010-09-16,16.005
2010-09-24,16.347
2010-10-04,15.823
2010-10-05,16.153
2010-10-12,16.278
2010-10-13,16.394
2010-10-28,16.473
2010-11-04,16.57
2010-11-05,16.635
2010-11-10,16.538
2010-11-18,16.24
2010-11-22,16.255
2010-11-23,16.023
2010-11-26,16.141
2010-11-29,16.118
2010-12-13,16.426
2010-12-14,16.441
2010-12-23,16.642
2011-01-03,16.443
2011-01-04,16.421
2011-01-07,16.438
2011-01-14,16.719
2011-01-18,16.742
2011-02-04,16.663
2011-02-15,16.881
2011-02-23,16.619
2011-02-28,16.592
2011-03-01,16.331
2011-03-04,16.516
2011-03-08,16.525
2011-03-17,15.923
2011-03-18,15.992
2011-03-30,16.605
2011-04-01,16.387
2011-04-05,16.389
2011-04-07,16.4
2011-04-11,16.289
2011-04-13,16.165
2011-04-15,16.23
2011-04-19,16.143
2011-04-21,16.448
2011-04-25,16.422
2011-04-29,16.771
2011-05-02,16.568
2011-05-05,16.25
2011-05-09,16.386
2011-05-13,16.282
2011-05-19,16.353
2011-05-23,16.034
2011-05-24,16.021
2011-05-27,16.201
2011-06-01,15.834
2011-06-02,15.815
2011-06-10,15.309
2011-06-13,15.32
2011-06-15,15.242
2011-06-16,15.269
2011-06-21,15.605
2011-06-22,15.504
2011-06-23,15.46
2011-06-28,15.619
2011-07-06,15.968
2011-07-14,15.606
2011-07-15,15.693
2011-07-20,15.808
2011-07-25,15.946
2011-08-01,15.157
2011-08-03,14.843
2011-08-04,14.133
2011-08-05,14.125
2011-08-08,13.184
2011-08-10,13.199
2011-08-11,13.81
2011-08-16,14.047
2011-08-18,13.434
2011-08-22,13.235
2011-08-23,13.689
2011-08-24,13.869
2011-08-25,13.653
2011-08-31,14.183
2011-09-01,14.015
2011-09-06,13.559
2011-09-08,13.799
2011-09-09,13.431
2011-09-12,13.524
2011-09-13,13.648
2011-09-14,13.832
2011-09-20,13.988
2011-09-26,13.532
2011-09-27,13.677
2011-09-29,13.502
2011-10-05,13.153
2011-10-07,13.284
2011-10-11,13.745
2011-10-13,13.838
2011-10-14,14.079
2011-10-17,13.806
2011-10-19,13.91
2011-10-21,14.236
2011-10-24,14.419
2011-10-28,14.775
2011-10-31,14.411
2011-11-02,14.234
2011-11-04,14.234
2011-11-07,14.234
2011-11-11,14.532
2011-11-15,14.463
2011-11-16,14.222
2011-11-17,13.983
2011-11-18,13.978
2011-11-21,13.717
2011-11-23,13.359
2011-11-28,13.712
2011-11-29,13.743
2011-12-01,14.312
2011-12-05,14.456
2011-12-09,14.456
2011-12-12,14.219
2011-12-13,14.095
2011-12-15,13.981
2011-12-16,14.026
2011-12-20,14.274
2011-12-27,14.552
2011-12-28,14.37
2011-12-29,14.524
2012-01-03,14.687
2012-01-05,14.733
2012-01-06,14.696
2012-01-09,14.729
2012-01-10,14.86
2012-01-11,14.865
2012-01-20,15.128
2012-01-24,15.12
2012-01-25,15.251
2012-01-26,15.163
2012-01-30,15.101
2012-02-10,15.348
2012-02-15,15.355
2012-02-17,15.56
2012-02-24,15.612
2012-02-27,15.633
2012-02-28,15.686
2012-03-06,15.264
2012-03-12,15.579
2012-03-15,15.937
2012-03-22,15.825
2012-03-26,16.095
2012-03-27,16.05
2012-04-03,15.963
2012-04-04,15.8
2012-04-10,15.344
2012-04-11,15.459
2012-04-13,15.476
2012-04-18,15.644
2012-05-03,15.754
2012-05-04,15.5
2012-05-09,15.335
2012-05-15,15.065
2012-05-16,14.998
2012-05-17,14.773
2012-05-22,14.906
2012-05-23,14.931
2012-05-24,14.952
2012-05-25,14.919
2012-06-01,14.502
2012-06-04,14.503
2012-06-05,14.586
2012-06-06,14.923
2012-06-11,14.852
2012-06-12,15.025
2012-06-13,14.92
2012-06-14,15.081
2012-06-15,15.237
2012-06-19,15.409
2012-06-22,15.148
2012-06-25,14.907
2012-06-26,14.978
2012-06-27,15.112
2012-06-28,15.08
2012-06-29,15.456
2012-07-03,15.628
2012-07-12,15.182
2012-07-19,15.656
2012-07-26,15.469
2012-07-27,15.764
2012-07-30,15.756
2012-08-02,15.609
2012-08-06,15.943
2012-08-10,16.076
2012-08-13,16.056
2012-08-14,16.054
2012-08-21,16.16
2012-08-22,16.163
2012-08-24,16.136
2012-08-28,16.115
2012-09-12,16.518
2012-10-12,16.515
2012-10-23,16.337
2012-10-24,16.286
2012-10-31,16.326
2012-11-28,16.3
2012-11-30,16.37
2012-12-04,16.265
2012-12-13,16.408
2012-12-21,16.532
2012-12-24,16.491
2012-12-26,16.412
2013-01-02,16.905
2013-01-03,16.869
2013-01-11,17.016
2013-01-15,17.019
2013-01-16,17.023
2013-01-22,17.253
2013-01-29,17.43
2013-01-31,17.237
2013-02-01,17.411
2013-02-12,17.483
2013-02-13,17.493
2013-02-15,17.487
2013-02-26,17.224
2013-02-28,17.35
2013-03-01,17.391
2013-03-11,17.391
2013-04-09,17.886
2013-04-18,17.578
2013-04-25,18.075
2013-05-07,18.314
2013-05-14,18.589
2013-05-15,18.684
2013-05-30,18.635
2013-06-06,18.055
2013-06-11,18.094
2013-06-13,18.208
2013-07-01,17.757
2013-07-08,18.037
2013-07-23,18.608
2013-08-15,18.04
2013-09-04,17.731
2013-09-18,18.508
2013-09-25,18.157
2013-10-10,17.935
2013-10-17,18.365
2013-10-23,18.506
2013-11-18,18.602
2013-11-20,18.496
2013-11-21,18.647
2013-11-22,18.739
2013-11-25,18.715
2013-11-27,18.765
2013-12-02,18.328
2013-12-27,18.74
2014-01-14,18.352
2014-01-16,18.422
2014-01-17,18.35
2014-01-23,18.248
2014-01-24,17.867
2014-01-31,17.751
2014-02-11,18.121
2014-03-24,18.458
2014-03-25,18.539
2014-04-08,18.364
2014-04-24,18.628
2014-05-08,18.459
2014-05-14,18.586
2014-05-16,18.481
2014-05-27,18.816
2014-06-03,18.799
2014-06-10,19.058
2014-06-12,18.856
2014-06-17,18.972
2014-06-24,19.05
2014-07-03,19.254
2014-07-07,19.178
2014-07-08,19.043
2014-07-17,18.989
2014-07-21,19.139
2014-08-08,18.56
2014-08-13,18.706
2014-08-19,19.041
2014-08-25,19.198
2014-09-03,19.053
2014-09-04,19.023
2014-09-11,19.022
2014-09-12,18.908
2014-09-17,19.061
2014-09-18,19.154
2014-09-25,18.722
2014-10-09,18.198
2014-10-16,17.58
2014-10-20,17.969
2014-10-30,18.825
2014-11-03,19.265
2014-11-06,19.393
2014-11-07,19.4
2014-11-14,19.475
2014-11-18,19.589
2014-11-20,19.599
2014-11-24,19.758
2014-11-25,19.735
2014-11-26,19.79
2014-12-01,19.834
2014-12-02,19.961
2014-12-03,20.036
2014-12-05,20.046
2014-12-08,19.901
2014-12-10,19.571
2014-12-12,19.341
2014-12-18,19.909
2014-12-22,20.077
2014-12-23,20.112
2014-12-24,20.109
2014-12-26,20.176
2014-12-30,20.094
2014-12-31,20.124
2015-01-02,20.117
2015-01-09,19.986
2015-01-12,19.825
2015-01-21,19.862
2015-01-23,20.055
2015-01-29,19.756
2015-01-30,19.499
2015-02-02,19.951
2015-02-03,20.239
2015-02-04,20.155
2015-02-05,20.363
2015-02-06,20.293
2015-02-12,20.619
2015-02-13,20.703
2015-02-17,20.736
2015-02-18,20.729
2015-02-20,20.834
2015-02-23,20.828
2015-02-24,20.885
2015-02-26,20.839
2015-03-04,20.929
2015-03-06,20.657
2015-03-09,20.738
2015-03-10,20.387
2015-03-11,20.347
2015-03-12,20.604
2015-03-17,20.687
2015-03-24,20.859
2015-03-26,20.506
2015-04-01,20.753
2015-04-06,20.963
2015-04-07,20.92
2015-04-08,20.976
2015-04-09,21.07
2015-04-10,21.179
2015-04-16,21.209
2015-04-17,20.969
2015-04-22,21.239
2015-04-24,21.337
2015-04-28,21.307
2015-04-30,21.324
2015-05-05,21.365
2015-05-12,21.463
2015-05-13,21.457
2015-05-14,21.688
2015-05-15,21.705
2015-05-18,21.771
2015-05-19,21.757
2015-05-20,21.737
2015-05-26,21.515
2015-06-01,21.915
2015-06-02,21.893
2015-06-03,21.939
2015-06-08,21.578
2015-06-10,21.847
2015-06-11,21.885
2015-06-15,21.755
2015-06-16,21.755
2015-06-17,21.798
2015-06-19,21.897
2015-06-22,22.03
2015-06-26,21.809
2015-06-30,21.738
2015-07-01,21.888
2015-07-06,21.797
2015-07-07,21.93
2015-07-10,21.88
2015-07-14,22.221
2015-07-15,22.204
2015-07-16,22.382
2015-07-20,22.424
2015-07-23,22.149
2015-07-27,21.785
2015-07-28,22.055
2015-08-03,22.441
2015-08-05,22.461
2015-08-07,22.222
2015-08-10,22.507
2015-08-12,22.313
2015-08-17,22.488
2015-08-21,21.081
2015-08-25,19.977
2015-08-27,21.261
2015-08-28,21.274
2015-08-31,21.418
2015-09-02,21.165
2015-09-03,21.19
2015-09-04,20.865
2015-09-09,21.091
2015-09-10,21.202
2015-09-11,21.297
2015-09-14,21.21
2015-09-15,21.482
2015-09-17,21.614
2015-09-18,21.264
2015-09-22,21.098
2015-09-25,20.975
2015-09-28,20.436
2015-09-29,20.461
2015-09-30,21.178
2015-10-05,21.918
2015-10-06,21.839
2015-10-08,22.209
2015-10-09,22.225
2015-10-13,21.997
2015-10-14,21.997
2015-10-15,22.324
2015-10-19,22.432
2015-10-20,22.4
2015-10-22,22.64
2015-10-23,22.889
2015-10-29,23.047
2015-11-02,23.567
2015-11-06,23.513
2015-11-09,23.282
2015-11-10,23.317
2015-11-11,23.241
2015-11-13,22.659
2015-11-17,22.966
2015-11-19,23.311
2015-11-27,23.411
2015-12-01,23.918
2015-12-07,23.627
2015-12-16,23.582
2015-12-18,22.814
2015-12-21,22.991
2015-12-23,23.482
2015-12-30,23.471
2016-01-04,23.26
2016-01-05,23.306
2016-01-07,22.456
2016-01-11,22.231
2016-01-13,21.845
2016-01-14,22.21
2016-01-15,21.73
2016-01-21,21.599
2016-01-22,22.037
2016-01-28,21.881
2016-02-03,22.11
2016-02-23,22.211
2016-02-26,22.521
2016-02-29,22.346
2016-03-01,22.879
2016-03-02,22.973
2016-03-03,23.053
2016-03-14,23.357
2016-03-17,23.599
2016-03-18,23.703
2016-03-24,23.545
2016-03-28,23.558
2016-03-31,23.829
2016-04-04,23.902
2016-04-07,23.622
2016-04-08,23.688
2016-04-12,23.851
2016-04-14,24.095
2016-04-18,24.229
2016-04-19,24.304
2016-04-21,24.196
2016-04-26,24.198
2016-04-27,24.238
2016-04-29,23.893
2016-05-04,23.685
2016-05-05,23.679
2016-05-11,23.839
2016-05-12,23.835
2016-05-16,23.864
2016-05-17,23.64
2016-05-19,23.557
2016-05-24,23.973
2016-05-25,24.14
2016-05-26,24.135
2016-05-31,24.17
2016-06-02,24.265
2016-06-08,24.425
2016-06-10,24.159
2016-06-13,24.13
2016-06-14,23.92
2016-06-16,23.951
2016-06-20,24.012
2016-06-21,24.077
2016-06-22,24.037
2016-06-24,23.483
2016-06-27,23.058
2016-06-28,23.468
2016-06-30,24.147
2016-07-06,24.157
2016-07-08,24.504
2016-07-11,24.588
2016-07-12,24.76
2016-07-15,24.87
2016-07-18,24.93
2016-07-21,24.91
2016-07-22,25.023
2016-07-26,24.956
2016-07-27,24.926
2016-07-28,24.966
2016-07-29,25.007
2016-08-01,24.77
2016-08-03,24.69
2016-08-04,24.695
2016-08-05,24.907
2016-08-10,24.823
2016-08-11,24.941
2016-08-12,24.921
2016-08-16,24.853
2016-08-17,24.9
2016-08-18,24.955
2016-08-19,24.919
2016-08-23,24.953
2016-08-25,24.789
2016-09-01,24.566
2016-09-02,24.669
2016-09-06,24.742
2016-09-07,24.739
2016-09-08,24.684
2016-09-09,24.078
2016-09-20,24.214
2016-09-26,24.285
2016-09-27,24.442
2016-09-28,24.571
2016-09-30,24.338
2016-10-03,24.259
2016-10-04,24.138
2016-10-05,24.242
2016-10-06,24.254
2016-10-10,24.286
2016-10-13,23.937
2016-10-20,24.036
2016-10-25,24.056
2016-10-27,23.943
2016-10-31,23.387
2016-11-04,22.937
2016-11-07,23.446
2016-11-09,23.796
2016-11-10,23.842
2016-11-11,23.809
2016-11-14,23.806
2016-11-16,23.946
2016-11-21,24.18
2016-11-28,24.219
2016-11-29,24.251
2016-11-30,23.712
2016-12-05,23.776
2016-12-06,23.857
2016-12-07,24.171
2016-12-08,24.223
2016-12-12,24.339
2016-12-13,24.498
2016-12-15,24.394
2016-12-21,24.428
2016-12-22,24.382
2016-12-23,24.413
2016-12-28,24.263
2016-12-29,24.256
2017-01-11,24.065
2017-01-17,23.986
2017-01-20,24.022
2017-01-23,23.958
2017-01-24,24.115
2017-01-26,24.291
2017-01-31,23.625
2017-02-06,23.767
2017-02-08,23.789
2017-02-14,24.234
2017-02-15,24.355
2017-02-16,24.334
2017-02-17,24.374
2017-02-22,24.495
2017-02-23,24.506
2017-02-28,24.026
2017-03-01,24.354
2017-03-02,24.211
2017-03-03,24.224
2017-03-07,24.074
2017-03-08,24.019
2017-03-15,24.245
2017-03-17,24.174
2017-03-23,23.846
2017-03-27,23.801
2017-03-28,23.974
2017-03-31,23.559
2017-04-04,23.533
2017-04-06,23.507
2017-04-07,23.487
2017-04-10,23.503
2017-04-12,23.381
2017-04-13,23.222
2017-04-18,23.354
2017-04-20,23.49
2017-04-21,23.419
2017-04-28,23.773
2017-05-01,23.523
2017-05-10,23.635
2017-05-12,23.549
2017-05-15,23.661
2017-05-17,23.215
2017-05-18,23.301
2017-05-24,23.682
2017-05-25,23.787
2017-05-31,23.466
2017-06-01,23.643
2017-06-06,23.636
2017-06-13,23.743
2017-06-14,23.72
2017-06-21,23.697
2017-06-23,23.723
2017-06-27,23.539
2017-06-28,23.747
2017-06-29,23.543
2017-06-30,23.298
2017-07-05,23.385
2017-07-11,23.318
2017-07-13,23.532
2017-07-17,23.641
2017-07-20,23.779
2017-07-21,23.77
2017-07-24,23.745
2017-07-25,23.814
2017-07-27,23.798
2017-07-31,23.518
2017-08-01,23.575
2017-08-02,23.587
2017-08-04,23.58
2017-08-08,23.562
2017-08-09,23.553
2017-08-10,23.212
2017-08-11,23.242
2017-08-16,23.497
2017-08-22,23.348
2017-08-23,23.268
2017-08-31,23.304
2017-09-07,23.243
2017-09-12,23.538
2017-09-13,23.556
2017-09-14,23.53
2017-09-19,23.634
2017-09-21,23.577
2017-09-22,23.592
2017-09-26,23.542
2017-09-28,23.666
2017-09-29,23.754
2017-10-06,23.808
2017-10-10,23.82
2017-10-11,23.863
2017-10-12,23.823
2017-10-17,23.901
2017-10-19,23.927
2017-10-20,24.049
2017-10-27,24.104
2017-10-30,24.027
2017-10-31,23.843
2017-11-03,23.959
2017-11-06,23.99
2017-11-07,23.985
2017-11-08,24.02
2017-11-09,23.929
2017-11-10,23.908
2017-11-13,23.931
2017-11-16,23.939
2017-11-20,23.906
2017-11-24,24.094
2017-11-27,24.085
2017-12-06,24.133
2017-12-07,24.204
2017-12-15,24.56
2017-12-18,24.692
2017-12-26,24.603
2017-12-27,24.622
2017-12-29,24.54
2018-01-03,24.691
2018-01-04,24.791
2018-01-05,24.965
2018-01-08,25.006
2018-01-09,25.039
2018-01-10,25.011
2018-01-11,25.187
2018-01-17,25.506
2018-01-19,25.576
2018-01-22,25.782
2018-01-24,25.824
2018-01-25,25.84
2018-01-26,26.146
2018-01-29,25.97
2018-01-30,25.686
2018-02-01,25.257
2018-02-02,24.721
2018-02-05,23.708
2018-02-06,24.122
2018-02-09,23.445
2018-02-13,23.834
2018-02-16,24.454
2018-02-21,24.177
2018-02-22,24.201
2018-02-23,24.589
2018-02-26,24.878
2018-02-28,23.891
2018-03-02,23.693
2018-03-08,24.113
2018-03-09,24.532
2018-03-12,24.501
2018-03-14,24.205
2018-03-15,24.186
2018-03-16,24.228
2018-03-23,22.786
2018-04-02,22.366
2018-04-06,22.561
2018-04-09,22.637
2018-04-23,23.131
2018-04-26,23.102
2018-04-27,23.128
2018-04-30,22.481
2018-05-01,22.538
2018-05-02,22.376
2018-05-03,22.326
2018-05-07,22.69
2018-05-09,22.903
2018-05-14,23.178
2018-05-16,23.113
2018-05-17,23.093
2018-05-21,23.202
2018-05-30,23.126
2018-06-04,22.866
2018-06-06,23.078
2018-06-07,23.061
2018-06-12,23.199
2018-06-14,23.162
2018-06-15,23.139
2018-06-20,23.036
2018-06-22,22.932
2018-06-26,22.668
2018-06-29,22.629
2018-07-02,22.262
2018-07-03,22.152
2018-07-05,22.343
2018-07-09,22.732
2018-07-10,22.811
2018-07-12,22.847
2018-07-17,22.939
2018-07-20,22.876
2018-07-23,22.918
2018-07-25,23.237
2018-07-31,22.509
2018-08-02,22.596
2018-08-06,22.781
2018-08-13,22.554
2018-08-15,22.525
2018-08-16,22.704
2018-08-27,23.152
2018-08-29,23.29
2018-08-30,23.187
2018-08-31,22.712
2018-09-10,22.522
2018-09-13,22.733
2018-09-14,22.74
2018-09-18,22.734
2018-09-26,22.747
2018-10-01,22.43
2018-10-03,22.437
2018-10-05,22.13
2018-10-09,22.09
2018-10-11,20.925
2018-10-12,21.222
2018-10-15,21.097
2018-10-16,21.55
2018-10-18,21.235
2018-10-23,21.019
2018-10-24,20.37
2018-10-29,20.257
2018-10-30,20.574
2018-11-01,20.909
2018-11-05,20.894
2018-11-07,21.47
2018-11-08,21.416
2018-11-09,21.219
2018-11-12,20.801
2018-11-15,20.832
2018-11-20,20.158
2018-11-23,20.087
2018-11-26,20.399
2018-11-27,20.465
2018-11-29,20.465
2018-12-04,20.498
2018-12-06,20.467
2018-12-07,19.99
2019-01-02,18.959
2019-01-07,19.259
2019-01-09,19.525
2019-01-10,19.614
2019-01-11,19.611
2019-01-15,19.717
2019-01-16,19.761
2019-01-17,19.911
2019-01-23,19.931
2019-01-25,20.128
2019-01-28,19.97
2019-01-29,19.941
2019-01-31,20.322
2019-02-01,20.341
2019-02-05,20.575
2019-02-06,20.529
2019-02-07,20.337
2019-02-08,20.351
2019-02-12,20.628
2019-02-13,20.69
2019-02-14,20.635
2019-02-15,20.86
2019-02-19,20.891
2019-02-27,20.986
2019-03-04,20.886
2019-03-05,20.862
2019-03-06,20.726
2019-03-07,20.557
2019-03-08,20.514
2019-03-11,20.814
2019-03-12,20.876
2019-03-14,21.003
2019-03-15,21.107
2019-03-18,21.186
2019-03-19,21.183
2019-03-20,21.12
2019-03-22,20.945
2019-03-26,21.077
2019-03-27,20.979
2019-03-29,21.197
2019-04-11,21.492
2019-04-12,21.634
2019-04-17,21.582
2019-04-23,21.83
2019-04-24,21.782
2019-04-26,21.876
2019-04-29,21.899
2019-04-30,21.873
2019-05-01,21.709
2019-05-02,21.663
2019-05-03,21.871
2019-05-07,21.414
2019-05-08,21.38
2019-05-09,21.315
2019-05-17,21.232
2019-05-21,21.268
2019-05-29,20.664
2019-05-31,20.389
2019-06-03,20.332
2019-06-04,20.768
2019-06-06,21.066
2019-06-10,21.386
2019-06-20,21.886
2019-06-21,21.858
2019-06-28,21.794
2019-07-05,22.107
2019-07-09,22.027
2019-07-10,22.127
2019-07-11,22.177
2019-07-15,22.284
2019-07-16,22.208
2019-07-17,22.063
2019-07-18,22.142
2019-07-19,22.005
2019-07-22,22.067
2019-07-24,22.322
2019-07-25,22.205
2019-07-26,22.369
2019-07-29,22.333
2019-07-31,22.162
2019-08-01,21.963
2019-08-06,21.429
2019-08-09,21.703
2019-08-12,21.444
2019-08-14,21.123
2019-08-15,21.175
2019-08-20,21.568
2019-08-23,21.171
2019-08-26,21.404
2019-08-28,21.475
2019-08-29,21.747
2019-09-04,21.975
2019-09-06,22.281
2019-09-09,22.279
2019-09-11,22.447
2019-09-12,22.512
2019-09-13,22.495
2019-09-16,22.425
2019-09-17,22.483
2019-09-18,22.49
2019-09-23,22.378
2019-09-25,22.327
2019-09-26,22.273
2019-10-01,22.124
2019-10-02,21.728
2019-10-07,22.113
2019-10-09,21.967
2019-10-10,22.108
2019-10-11,22.35
2019-10-14,22.319
2019-10-15,22.541
2019-10-17,22.558
2019-10-18,22.47
2019-10-21,22.624
2019-10-24,22.651
2019-10-28,22.87
2019-10-30,22.925
2019-11-01,22.703
2019-11-05,22.76
2019-11-07,22.838
2019-11-08,22.896
2019-11-14,22.923
2019-11-22,23.024
2019-12-05,22.709
2019-12-09,22.844
2019-12-12,23.081
2019-12-19,23.349
2019-12-23,23.485
2019-12-27,23.602
2019-12-31,23.165
2020-01-02,23.359
2020-01-08,23.324
2020-01-10,23.413
2020-01-21,23.81
2020-01-28,23.491
2020-01-30,23.544
2020-01-31,24.48
2020-02-03,24.658
2020-02-04,25.027
2020-02-05,25.309
2020-02-07,25.256
2020-02-10,25.441
2020-02-12,25.649
2020-02-13,25.607
2020-02-14,25.654
2020-02-18,25.579
2020-02-19,25.699
2020-02-20,25.601
2020-02-21,25.332
2020-02-24,24.483
2020-02-25,23.742
2020-03-02,24.913
2020-03-04,25.235
2020-03-09,22.143
2020-03-10,23.236
2020-03-23,18.038
2020-03-24,19.73
2020-03-25,19.958
2020-03-26,21.203
2020-03-27,20.489
2020-03-30,21.176
2020-03-31,21.176
2020-04-01,21.237
2020-04-02,21.722
2020-04-03,21.393
2020-04-13,23.74
2020-04-21,23.524
2020-04-22,24.064
2020-04-23,24.051
2020-04-27,24.744
2020-04-28,24.614
2020-04-30,26.326
2020-05-04,25.696
2020-05-05,25.928
2020-05-06,25.747
2020-05-07,26.043
2020-05-08,26.483
2020-05-12,25.943
2020-05-13,25.49
2020-05-15,25.885
2020-05-19,26.421
2020-05-21,26.652
2020-05-22,26.715
2020-05-26,27.043
2020-05-27,27.444
2020-05-28,27.386
2020-06-01,29.122
2020-06-04,29.661
2020-06-05,30.439
2020-06-08,30.805
2020-06-09,30.565
2020-06-10,30.403
2020-06-11,28.611
2020-06-12,28.984
2020-06-16,29.779
2020-06-17,29.672
2020-06-18,29.69
2020-06-19,29.522
2020-06-22,29.714
2020-06-23,29.842
2020-06-24,29.07
2020-06-25,29.389
2020-06-26,28.677
2020-06-29,29.098
2020-06-30,31.243
2020-07-01,31.4
2020-07-02,31.543
2020-07-06,32.044
2020-07-07,31.697
2020-07-08,31.945
2020-07-09,31.765
2020-07-10,32.098
2020-07-13,31.797
2020-07-14,32.223
2020-07-15,32.516
2020-07-16,32.405
2020-07-17,32.498
2020-07-20,32.771
2020-07-21,32.826
2020-07-22,33.014
2020-07-23,32.608
2020-07-24,32.406
2020-07-27,32.645
2020-07-28,32.434
2020-07-29,32.837
2020-07-30,32.714
2020-08-03,33.316
2020-08-04,33.436
2020-08-05,33.651
2020-08-06,33.868
2020-08-07,33.889
2020-08-10,33.982
2020-08-11,33.711
2020-08-12,34.183
2020-08-13,34.113
2020-08-14,34.107
2020-08-17,34.2
2020-08-18,34.278
2020-08-19,34.127
2020-08-20,34.235
2020-08-21,34.353
2020-08-24,34.698
2020-08-25,34.823
2020-08-26,35.178
2020-08-27,35.237
2020-08-28,35.474
2020-08-31,35.515
2020-09-01,35.782
2020-09-02,36.332
2020-09-04,34.77
2020-09-09,34.486
2020-09-11,33.898
2020-09-14,34.33
2020-09-15,34.509
2020-09-16,34.35
2020-09-17,34.061
2020-09-18,33.68
2020-09-21,33.29
2020-09-22,33.64
2020-09-23,32.842
2020-09-24,32.94
2020-09-25,33.467
2020-09-29,33.842
2020-10-01,34.421
2020-10-02,34.091
2020-10-05,34.704
2020-10-07,34.814
2020-10-08,35.093
2020-10-09,35.401
2020-10-12,35.983
2020-10-13,35.756
2020-10-14,35.519
2020-10-16,35.469
2020-10-19,34.89
2020-10-21,34.978
2020-10-22,35.161
2020-10-23,35.282
2020-10-26,34.626
2020-10-27,34.521
2020-10-28,33.303
2020-10-29,33.701
2020-10-30,33.292
2020-11-02,34.176
2020-11-03,34.784
2020-11-04,35.551
2020-11-05,36.243
2020-11-06,36.232
2020-11-09,36.656
2020-11-10,36.605
2020-11-11,36.885
2020-11-12,36.517
2020-11-13,37.014
2020-11-16,37.445
2020-11-17,37.265
2020-11-18,36.835
2020-11-19,36.98
2020-11-20,36.729
2020-11-23,36.936
2020-11-24,37.533
2020-11-25,37.473
2020-11-27,37.563
2020-11-30,37.927
2020-12-01,38.354
2020-12-02,38.423
2020-12-03,38.399
2020-12-04,38.738
2020-12-07,38.663
2020-12-08,38.771
2020-12-09,38.463
2020-12-10,38.413
2020-12-11,38.365
2020-12-14,38.198
2020-12-15,38.691
2020-12-16,38.76
2020-12-17,38.983
2020-12-18,38.846
2020-12-21,38.694
2020-12-23,38.643
2020-12-24,38.78
2020-12-28,39.118
2020-12-29,39.031
2020-12-30,39.083
2020-12-31,39.903
2021-01-04,39.314
2021-01-05,39.593
2021-01-06,39.819
2021-01-07,40.41
2021-01-08,40.632
2021-01-11,40.366
2021-01-12,40.382
2021-01-13,40.474
2021-01-14,40.322
2021-01-15,40.032
2021-01-19,40.358
2021-01-20,40.921
2021-01-21,40.933
2021-01-22,40.81
2021-01-25,40.958
2021-01-26,40.897
2021-01-27,39.847
2021-01-28,40.236
2021-01-29,39.459
2021-02-01,35.775
2021-02-02,36.272
2021-02-03,36.308
2021-02-04,36.702
2021-02-05,36.845
2021-02-08,37.118
2021-02-09,37.077
2021-02-10,37.064
2021-02-11,37.126
2021-02-12,37.301
2021-02-16,37.279
2021-02-17,37.267
2021-02-18,37.103
2021-02-19,37.034
2021-02-22,36.748
2021-02-23,36.794
2021-02-24,37.211
2021-02-25,36.301
2021-02-26,36.128
2021-03-01,33.395
2021-03-02,33.125
2021-03-04,32.253
2021-03-05,32.882
2021-03-08,32.706
2021-03-09,33.169
2021-03-10,33.369
2021-03-11,33.716
2021-03-12,33.75
2021-03-15,33.969
2021-03-17,34.013
2021-03-18,33.511
2021-03-19,33.491
2021-03-22,33.726
2021-03-23,33.469
2021-03-25,33.46
2021-03-26,34.017
2021-03-29,33.987
2021-03-31,30.99
2021-04-05,31.809
2021-04-06,31.778
2021-04-07,31.825
2021-04-08,31.959
2021-04-09,32.206
2021-04-12,32.2
2021-04-13,32.306
2021-04-14,32.174
2021-04-15,32.531
2021-04-19,32.475
2021-04-21,32.554
2021-04-23,32.607
2021-04-26,32.665
2021-04-27,32.658
2021-04-30,30.213
2021-05-03,30.296
2021-05-04,30.094
2021-05-05,30.115
2021-05-06,30.361
2021-05-07,30.585
2021-05-10,30.265
2021-05-11,30.003
2021-05-12,29.359
2021-05-13,29.717
2021-05-14,30.16
2021-05-17,30.084
2021-05-18,29.828
2021-05-19,29.74
2021-05-20,30.054
2021-05-21,30.03
2021-05-24,30.328
2021-05-25,30.263
2021-05-26,30.32
2021-05-27,30.355
2021-05-28,30.379
2021-06-01,28.283
2021-06-02,28.324
2021-06-04,28.471
2021-06-07,28.448
2021-06-08,28.453
2021-06-10,28.533
2021-06-14,28.641
2021-06-15,28.583
2021-06-16,28.429
2021-06-17,28.417
2021-06-18,28.044
2021-06-21,28.436
2021-06-22,28.582
2021-06-23,28.551
2021-06-25,28.813
2021-06-28,28.879
2021-07-01,27.211
2021-07-06,27.359
2021-07-07,27.451
2021-07-08,27.216
2021-07-12,27.618
2021-07-13,27.521
2021-07-14,27.553
2021-07-15,27.463
2021-07-16,27.256
2021-07-19,26.823
2021-07-22,27.51
2021-07-23,27.789
2021-07-27,27.724
2021-07-28,27.719
2021-07-29,27.835
2021-07-30,27.685
2021-08-03,26.918
2021-08-04,26.793
2021-08-06,26.999
2021-08-09,26.974
2021-08-12,27.147
2021-08-17,27.07
2021-08-18,26.779
2021-08-19,26.812
2021-08-20,27.031
2021-08-23,27.261
2021-08-25,27.362
2021-08-31,26.624
2021-09-01,26.633
2021-09-02,26.708
2021-09-07,26.609
2021-09-08,26.574
2021-09-09,26.451
2021-09-10,26.247
2021-09-13,26.307
2021-09-15,26.377
2021-09-16,26.336
2021-09-17,26.096
2021-09-22,25.876
2021-09-23,26.19
2021-09-24,26.229
2021-09-28,25.623
2021-09-29,25.664
2021-09-30,24.554
2021-10-01,24.836
2021-10-04,24.514
2021-10-05,24.772
2021-10-06,24.873
2021-10-07,25.08
2021-10-12,24.8
2021-10-13,24.875
2021-10-14,25.299
2021-10-15,25.488
2021-10-18,25.574
2021-10-21,25.935
2021-10-22,25.907
2021-10-25,26.03
2021-10-26,26.078
2021-10-27,25.946
2021-10-28,26.201
2021-10-29,26.252
2021-11-02,25.317
2021-11-03,25.48
2021-11-05,25.682
2021-11-08,25.705
2021-11-09,25.615
2021-11-10,25.404
2021-11-11,25.418
2021-11-16,25.701
2021-11-17,25.634
2021-11-19,25.685
2021-11-23,25.645
2021-11-24,25.704
2021-11-29,25.451
2021-11-30,23.988
2021-12-01,23.704
2021-12-02,24.041
2021-12-07,24.617
2021-12-09,24.515
2021-12-13,24.523
2021-12-14,24.34
2021-12-15,24.738
2021-12-27,25.165
2021-12-28,25.14
2021-12-29,25.175
2021-12-30,25.1
2021-12-31,24.087
2022-01-03,24.241
2022-01-06,23.733
2022-01-10,23.603
2022-01-12,23.886
2022-01-14,23.565
2022-01-18,23.132
2022-01-20,22.655
2022-01-21,22.226
2022-01-26,21.984
2022-01-31,22.82
2022-02-03,22.627
2022-02-07,22.66
2022-02-09,23.182
2022-02-15,22.595
2022-02-18,21.977
2022-02-22,21.754
2022-02-24,21.673
2022-02-25,22.158
2022-02-28,22.102
2022-03-03,22.049
2022-03-04,21.874
2022-03-08,21.075
2022-03-11,21.245
2022-03-14,21.087
2022-03-16,22.021
2022-03-18,22.552
2022-03-22,22.797
2022-03-23,22.518
2022-03-29,23.404
2022-04-01,22.969
2022-04-05,22.865
2022-04-07,22.739
2022-04-11,22.296
2022-04-12,22.219
2022-04-13,22.468
2022-04-14,22.195
2022-04-25,21.707
2022-04-26,21.096
2022-05-02,21.198
2022-05-03,21.3
2022-05-06,21.034
2022-05-09,20.36
2022-05-10,20.41
2022-05-13,20.527
2022-05-17,20.858
2022-05-18,20.016
2022-05-19,19.899
2022-05-23,20.271
2022-05-25,20.297
2022-05-26,20.7
2022-06-01,21.125
2022-06-02,21.514
2022-06-06,21.229
2022-06-07,21.431
2022-06-08,21.2
2022-06-15,19.522
2022-06-23,19.552
2022-06-27,20.089
2022-06-28,19.685
2022-06-29,19.67
2022-06-30,19.689
2022-07-05,19.928
2022-07-07,20.299
2022-07-12,19.863
2022-07-14,19.715
2022-07-21,20.8
2022-07-22,20.606
2022-07-25,20.633
2022-07-29,21.483
2022-08-01,21.611
2022-08-02,21.467
2022-08-04,21.786
2022-08-08,21.723
2022-08-09,21.631
2022-08-10,22.092
2022-08-12,22.459
2022-08-15,22.548
2022-08-16,22.59
2022-08-18,22.477
2022-08-22,21.713
2022-08-24,21.727
2022-08-25,22.033
2022-08-26,21.291
2022-08-29,21.149
2022-08-31,20.936
2022-09-01,20.999
2022-09-02,20.773
2022-09-06,20.688
2022-09-07,21.068
2022-09-08,21.207
2022-09-12,21.759
2022-09-13,20.818
2022-09-15,20.652
2022-09-16,20.504
2022-09-19,20.644
2022-09-22,19.893
2022-09-29,19.271
2022-10-10,19.294
2022-10-13,19.601
2022-10-17,19.644
2022-10-18,19.869
2022-10-19,19.736
2022-10-20,19.579
2022-11-03,20.394
2022-11-04,20.672
2022-11-07,20.871
2022-11-08,20.987
2022-11-10,21.691
2022-11-11,21.891
2022-11-15,21.884
2022-11-16,21.704
2022-11-21,21.655
2022-11-23,22.079
2022-12-05,22.519
2022-12-06,22.194
2022-12-07,22.153
2022-12-13,22.636
2022-12-15,21.938
2022-12-16,21.694
2022-12-19,21.498
2022-12-21,21.498
2022-12-28,21.304
2023-01-04,22.304
2023-01-09,22.53
2023-01-10,22.687
2023-01-19,22.569
2023-01-24,23.253
2023-01-27,23.563
2023-02-01,23.734
2023-02-02,24.083
2023-02-15,23.897
2023-02-17,23.502
2023-02-27,22.944
2023-02-28,22.77
2023-03-01,22.662
2023-03-03,23.203
2023-03-07,22.863
2023-03-08,22.895
2023-03-13,22.114
2023-03-15,22.321
2023-03-17,22.463
2023-03-22,22.58
2023-03-23,22.647
2023-03-24,22.775
2023-03-29,23.101
2023-04-04,23.409
2023-04-11,23.457
2023-04-12,23.36
2023-04-18,23.719
2023-04-19,23.717
2023-04-24,23.617
2023-04-28,23.802
2023-05-08,23.363
2023-05-10,23.361
2023-05-11,23.321
2023-05-16,23.204
2023-05-22,23.671
2023-05-25,23.438
2023-05-31,23.343
2023-06-08,23.98
2023-06-13,24.4
2023-06-20,24.51
2023-06-21,24.381
2023-06-22,24.472
2023-06-28,24.444
2023-06-29,24.553
2023-06-30,24.586
2023-07-03,24.615
2023-07-07,24.302
2023-07-10,24.361
2023-07-11,24.525
2023-07-12,24.707
2023-07-13,24.916
2023-07-14,24.89
2023-07-17,24.986
2023-07-18,25.164
2023-07-20,25.053
2023-07-24,25.162
2023-07-28,25.315
2023-08-01,25.134
2023-08-02,24.787
2023-08-03,24.723
2023-08-07,24.814
2023-08-09,24.536
2023-08-11,24.516
2023-08-16,24.188
2023-08-21,24.163
2023-08-22,24.096
2023-08-23,24.362
2023-08-29,24.7
2023-09-01,24.653
2023-09-11,24.499
2023-09-12,24.359
2023-09-13,24.39
2023-09-14,24.595
2023-09-15,24.296
2023-09-18,24.314
2023-09-19,24.261
2023-09-20,24.033
2023-09-22,23.585
2023-09-26,23.331
2023-09-29,23.41
2023-10-02,23.275
2023-10-06,23.384
2023-10-10,23.654
2023-10-12,23.607
2023-10-13,23.489
2023-10-17,23.735
2023-10-18,23.417
2023-10-19,23.218
2023-10-25,22.723
2023-11-01,22.665
2023-11-09,23.25
2023-11-10,23.613
2023-11-13,23.594
2023-11-16,24.111
2023-11-17,24.142
2023-11-20,24.32
2023-11-21,24.271
2023-11-22,24.37
2023-11-24,24.384
2023-11-27,24.336
2023-11-28,24.36
2023-11-30,24.079
2023-12-01,24.221
2023-12-04,24.09
2023-12-05,24.076
2023-12-07,24.173
2023-12-12,24.479
2023-12-13,24.813
2023-12-15,24.877
2023-12-19,25.136
2023-12-26,25.17
2023-12-28,25.215
2023-12-31,24.61
2024-01-02,24.647
2024-01-03,24.449
2024-01-04,24.366
2024-01-05,24.41
2024-01-08,24.755
2024-01-09,24.718
2024-01-10,24.858
2024-01-19,25.151
2024-01-24,25.3
2024-01-25,25.433
2024-01-29,25.609
2024-01-30,25.594
2024-01-31,25.227
2024-02-01,25.542
2024-02-02,25.815
2024-02-05,25.733
2024-02-06,25.793
2024-02-07,26.005
2024-02-08,26.02
2024-02-09,26.169
2024-02-12,26.145
2024-02-13,25.787
2024-02-15,26.186
2024-02-16,26.06
2024-02-20,25.903
2024-02-21,25.936
2024-02-22,26.484
2024-02-27,26.438
2024-02-28,26.394
2024-03-01,26.792
2024-03-04,26.76
2024-03-05,26.487
2024-03-06,26.623
2024-03-08,26.722
2024-03-11,26.692
2024-03-14,26.862
2024-03-15,26.688
2024-03-18,26.856
2024-03-19,27.008
2024-03-21,27.337
2024-03-22,27.298
2024-03-25,27.215
2024-03-27,27.373
2024-03-28,27.404
2024-03-31,27.243
2024-04-01,27.398
2024-04-02,27.2
2024-04-04,26.894
2024-04-05,27.192
2024-04-08,27.182
2024-04-10,26.964
2024-04-12,26.769
2024-04-17,26.241
2024-04-18,26.183
2024-04-24,26.499
2024-04-25,26.378
2024-04-26,26.647
2024-05-01,25.978
2024-05-02,26.215
2024-05-03,26.544
2024-05-06,26.818
2024-05-10,27.035
2024-05-13,27.029
2024-05-14,27.16
2024-05-21,27.546
2024-05-22,27.472
2024-05-24,27.46
2024-05-28,27.467
2024-05-29,27.264
2024-05-31,27.068
2024-06-05,27.461
2024-06-07,27.425
2024-06-10,27.495
2024-06-11,27.57
2024-06-12,27.804
2024-06-13,27.87
2024-06-14,27.859
2024-06-21,28.028
2024-06-25,28.052
2024-06-26,28.096
2024-06-27,28.122
2024-06-28,28.007
2024-07-01,27.826
2024-07-02,27.999
2024-07-03,28.141
2024-07-05,28.294
2024-07-08,28.323
2024-07-09,28.344
2024-07-11,28.382
2024-07-12,28.539
2024-07-15,28.62
2024-07-16,28.803
2024-07-19,27.978
2024-07-22,28.28
2024-07-23,28.236
2024-07-24,27.582
2024-07-25,27.441
2024-07-26,27.745
2024-07-29,27.768
2024-07-30,27.63
2024-07-31,27.9
2024-08-02,27.012
2024-08-05,26.203
2024-08-06,26.474
2024-08-07,26.269
2024-08-15,28.006
2024-08-16,28.062
2024-08-19,28.335
2024-08-20,28.278
2024-08-21,28.398
2024-08-22,28.144
2024-08-23,28.468
2024-08-26,28.378
2024-08-27,28.423
2024-08-29,28.252
2024-08-30,28.537
2024-09-03,27.77
2024-09-05,27.641
2024-09-06,27.164
2024-09-09,27.479
2024-09-10,27.602
2024-09-11,27.896
2024-09-13,28.257
2024-09-16,28.293
2024-09-17,28.3
2024-09-19,28.697
2024-09-20,28.642
2024-09-23,28.722
2024-09-24,28.794
2024-09-25,28.741
2024-09-26,28.857
2024-09-27,28.821
2024-09-30,28.774
2024-10-01,28.505
2024-10-03,28.461
2024-10-07,28.441
2024-10-09,28.921
2024-10-10,28.861
2024-10-11,29.036
2024-10-14,29.26
2024-10-16,29.173
2024-10-17,29.168
2024-10-18,29.284
2024-10-21,29.23
2024-10-22,29.217
2024-10-23,28.948
2024-10-25,29.001
2024-10-28,29.078
2024-10-30,29.029
2024-11-01,28.142
2024-11-04,28.063
2024-11-05,28.407
2024-11-07,29.342
2024-11-11,29.481
2024-11-12,29.395
2024-11-13,29.402
2024-11-14,29.224
2024-11-18,28.951
2024-11-19,29.066
2024-11-21,29.222
2024-11-22,29.323
2024-11-25,29.412
2024-11-27,29.468
2024-12-02,29.232
2024-12-03,29.245
2024-12-04,29.422
2024-12-05,29.367
2024-12-09,29.259
2024-12-10,29.172
2024-12-16,29.362
2024-12-17,29.248
2024-12-20,28.669
2024-12-24,29.197
2024-12-26,29.185
2024-12-27,28.863
2024-12-30,28.554
2025-01-02,27.923
2025-01-03,28.275
2025-01-07,28.115
2025-01-08,28.159
2025-01-13,27.769
2025-01-14,27.801
2025-01-16,28.25
2025-01-17,28.532
2025-01-21,28.783
2025-01-22,28.959
2025-01-23,29.113
2025-01-24,29.03
2025-01-27,28.607
2025-01-31,28.447
2025-02-03,28.231
2025-02-04,28.435
2025-02-06,28.65
2025-02-07,28.379
2025-02-10,28.569
2025-02-11,28.579
2025-02-12,28.501
2025-02-18,28.867
2025-02-19,28.935
2025-02-21,28.318
2025-02-24,28.178
2025-02-25,28.046
2025-02-26,28.05
2025-02-27,27.605
2025-03-04,26.935
2025-03-05,27.236
2025-03-11,25.975
2025-03-12,26.102
2025-03-13,25.739
2025-03-14,26.286
2025-03-17,26.455
2025-03-19,26.456
2025-03-20,26.398
2025-03-21,26.42
2025-03-24,26.886
2025-03-25,26.928
2025-03-26,26.628
2025-03-27,26.54
2025-03-31,25.898
2025-04-01,25.996
2025-04-02,26.171
2025-04-03,24.904
2025-04-07,23.362
2025-04-09,25.183
2025-04-11,24.751
2025-04-22,24.402
2025-04-23,24.809
2025-04-24,25.312
2025-04-25,25.498
2025-04-29,25.663
2025-04-30,25.471
2025-05-02,26.009
2025-05-05,25.843
2025-05-06,25.644
2025-05-07,25.756
2025-05-08,25.905
2025-05-09,25.887
2025-05-12,26.73
2025-05-13,26.923
2025-05-15,27.062
2025-05-16,27.252
2025-05-19,27.276
2025-05-20,27.17
2025-05-22,26.72
2025-05-23,26.541
2025-05-27,27.084
2025-05-28,26.933
2025-05-30,27.038
2025-06-02,26.911
2025-06-05,26.926
2025-06-09,27.228
2025-06-10,27.377
2025-06-12,27.406
2025-06-16,27.351
2025-06-17,27.123
2025-06-18,27.114
2025-06-20,27.055
2025-06-23,27.315
2025-06-26,27.84
2025-06-27,27.986
2025-06-30,27.884
2025-07-01,27.852
2025-07-07,27.996
2025-07-08,27.976
2025-07-10,28.223
2025-07-11,28.13
2025-07-15,28.058
2025-07-16,28.148
2025-07-17,28.299
2025-07-18,28.296
2025-07-21,28.336
2025-07-22,28.354
2025-07-24,28.595
2025-07-28,28.714
2025-07-30,28.593
2025-07-31,27.955
2025-08-01,27.508
2025-08-06,27.98
2025-08-12,28.424
2025-08-14,28.525
2025-08-21,28.091
2025-08-22,28.517
2025-08-26,28.513
2025-08-28,28.672
2025-09-05,28.057
2025-09-08,28.116
2025-09-09,28.192
2025-09-10,28.276
2025-09-12,28.502
2025-09-15,28.636
2025-09-17,28.572
2025-09-19,28.849
2025-09-22,28.976
2025-09-23,28.817
2025-09-25,28.591
2025-09-26,28.759
2025-09-29,28.835
2025-10-01,28.528
2025-10-03,28.547
2025-10-06,28.652
2025-10-07,28.542
2025-10-10,27.853
2025-10-13,28.288
2025-10-14,28.244
2025-10-15,28.357
2025-10-21,28.631
2025-10-23,28.644
2025-10-28,29.292
2025-10-29,29.29
2025-10-31,28.359
2025-11-04,28.074
2025-11-07,27.897
2025-11-13,27.933
2025-11-14,27.919
2025-11-18,27.435
2025-11-19,27.538
2025-11-20,27.109
2025-11-21,27.376
2025-11-24,27.799
2025-11-25,28.051
2025-11-26,28.245
2025-12-01,27.564
2025-12-02,27.631
2025-12-03,27.714
2025-12-05,27.797
2025-12-08,27.701
2025-12-09,27.676
2025-12-10,27.863
2025-12-11,27.921
2025-12-12,27.623
2025-12-15,27.579
2025-12-16,27.514
2025-12-17,27.195
2025-12-18,27.41
2025-12-19,27.652
2025-12-22,27.83
2025-12-23,27.957
2025-12-24,28.047
2025-12-26,28.038
2025-12-29,27.94
2025-12-30,27.902
2026-01-02,27.902
2026-01-06,27.438
2026-01-08,27.346
2026-01-12,27.566
2026-01-13,27.513
2026-01-14,27.366
2026-01-15,27.437
2026-01-16,27.419
2026-01-20,26.853
2026-01-22,27.314
2026-01-27,27.571
2026-01-28,27.569
2026-01-29,27.534
2026-02-02,26.718
2026-02-03,26.494
2026-02-04,26.359
2026-02-05,26.037
2026-02-06,26.549
2026-02-09,26.674
2026-02-10,26.586
2026-02-11,26.584
2026-02-12,26.168
2026-02-13,26.181
2026-02-18,26.354
2026-02-19,26.28
2026-02-20,26.462
2026-02-24,26.388
2026-02-25,26.602
2026-02-26,26.46
2026-02-27,26.345
2026-03-03,25.331
2026-03-05,25.384
2026-03-06,25.047
2026-03-09,25.255
2026-03-10,25.201
2026-03-12,24.796
2026-03-13,24.646
2026-03-16,24.896
2026-03-17,24.958
2026-03-18,24.618
2026-03-20,24.179
2026-03-23,24.456
2026-03-24,24.364
2026-03-31,23.56
2026-04-01,23.729
2026-04-06,23.861
2026-04-07,23.879
2026-04-13,24.851
2026-04-15,25.344
2026-04-21,25.493
2026-04-22,25.759
2026-04-24,25.857
2026-04-27,25.889
2026-04-29,25.752
2026-05-01,26.092
2026-05-05,26.197
2026-05-07,26.478
2026-05-12,26.709
2026-05-13,26.865
