date,equity,cash,positions,gross_exposure_pct,portfolio_return,spy_return,excess_return,exposure_matched_spy_return,exposure_matched_excess_return
2016-07-11,100032.87,96368.63,1,3.663,0.00032871,0.0,0.00032871,0.0,0.00032871
2016-07-12,100113.94,96368.63,1,3.741,0.00081038,0.00726385,-0.00645347,0.00026608,0.0005443
2016-07-13,100113.3,92739.09,2,7.3659,-6.34e-06,-0.00013982,0.00013347,-5.23e-06,-1.11e-06
2016-07-14,100098.68,92739.09,2,7.3523,-0.00014604,0.00558306,-0.0057291,0.00041124,-0.00055728
2016-07-15,100156.12,92739.09,2,7.4055,0.00057387,-0.00134116,0.00191504,-9.861e-05,0.00067248
2016-07-18,100184.19,92739.09,2,7.4314,0.0002802,0.00268647,-0.00240628,0.00019895,8.125e-05
2016-07-19,100187.72,92739.09,2,7.4347,3.521e-05,-0.00101605,0.00105127,-7.551e-05,0.00011072
2016-07-20,100258.04,92739.09,2,7.4996,0.00070191,0.00416337,-0.00346147,0.00030953,0.00039238
2016-07-21,100192.44,92739.09,2,7.439,-0.00065426,-0.00377731,0.00312304,-0.00028328,-0.00037098
2016-07-22,100194.61,92739.09,2,7.441,2.166e-05,0.00448481,-0.00446315,0.00033363,-0.00031196
2016-07-25,100167.9,89132.3,3,11.0171,-0.0002666,-0.00271605,0.00244945,-0.0002021,-6.45e-05
2016-07-26,100409.64,89132.3,3,11.2313,0.00241333,0.00046168,0.00195165,5.086e-05,0.00236247
2016-07-27,100440.51,89132.3,3,11.2586,0.00030747,-0.00106104,0.00136851,-0.00011917,0.00042664
2016-07-28,100474.74,89132.3,3,11.2888,0.00034077,0.00115488,-0.00081411,0.00013002,0.00021075
2016-07-29,100411.78,89132.3,3,11.2332,-0.0006266,0.00161443,-0.00224102,0.00018225,-0.00080885
2016-08-01,100312.44,89132.3,3,11.1453,-0.00098933,-0.00082889,-0.00016044,-9.311e-05,-0.00089622
2016-08-02,100022.42,89132.3,3,10.8877,-0.00289116,-0.00640773,0.00351657,-0.00071416,-0.002177
2016-08-03,100011.45,96157.91,1,3.8531,-0.0001097,0.00292307,-0.00303277,0.00031825,-0.00042796
2016-08-04,100059.86,96157.91,1,3.8996,0.000484,0.00106329,-0.00057929,4.097e-05,0.00044303
2016-08-05,100115.84,96157.91,1,3.9534,0.00055954,0.00817942,-0.00761988,0.00031897,0.00024057
2016-08-08,100093.39,96157.91,1,3.9318,-0.00022427,-0.00059565,0.00037137,-2.355e-05,-0.00020072
2016-08-09,100117.54,96157.91,1,3.955,0.00024132,0.000596,-0.00035468,2.343e-05,0.00021788
2016-08-10,99940.15,96157.91,1,3.7845,-0.00177182,-0.00247459,0.00070278,-9.787e-05,-0.00167395
2016-08-11,99930.82,96157.91,1,3.7755,-9.337e-05,0.00464052,-0.00473389,0.00017562,-0.00026899
2016-08-12,99934.24,99934.24,0,0.0,3.415e-05,-0.00086927,0.00090342,-3.282e-05,6.697e-05
2016-08-15,99934.24,99934.24,0,0.0,0.0,0.0028836,-0.0028836,0.0,0.0
2016-08-16,99934.24,99934.24,0,0.0,0.0,-0.00515744,0.00515744,-0.0,0.0
2016-08-17,99934.24,99934.24,0,0.0,0.0,0.00188085,-0.00188085,0.0,0.0
2016-08-18,99934.24,99934.24,0,0.0,0.0,0.0022445,-0.0022445,0.0,0.0
2016-08-19,99934.24,99934.24,0,0.0,0.0,-0.00146223,0.00146223,-0.0,0.0
2016-08-22,99934.24,99934.24,0,0.0,0.0,-4.566e-05,4.566e-05,-0.0,0.0
2016-08-23,99934.24,99934.24,0,0.0,0.0,0.00201293,-0.00201293,0.0,0.0
2016-08-24,99883.89,96305.9,1,3.5821,-0.00050377,-0.00511469,0.00461092,-0.0,-0.00050377
2016-08-25,99912.84,96305.9,1,3.6101,0.00028985,-0.0006887,0.00097854,-2.467e-05,0.00031452
2016-08-26,99927.12,96305.9,1,3.6239,0.00014289,-0.00188309,0.00202598,-6.798e-05,0.00021087
2016-08-29,99947.58,96305.9,1,3.6436,0.0002048,0.00492408,-0.00471928,0.00017844,2.635e-05
2016-08-30,99895.12,96305.9,1,3.593,-0.00052493,-0.00164837,0.00112344,-6.006e-05,-0.00046487
2016-08-31,99908.25,96305.9,1,3.6057,0.00013141,-0.00284391,0.00297532,-0.00010218,0.00023359
2016-09-01,99958.81,96305.9,1,3.6544,0.00050611,4.59e-05,0.00046021,1.66e-06,0.00050446
2016-09-02,99948.38,96305.9,1,3.6444,-0.00010435,0.00450761,-0.00461197,0.00016473,-0.00026908
2016-09-06,99922.88,96305.9,1,3.6198,-0.00025517,0.00302241,-0.00327758,0.00011015,-0.00036531
2016-09-07,99936.0,96305.9,1,3.6324,0.00013138,-9.112e-05,0.00022249,-3.3e-06,0.00013467
2016-09-08,99917.88,96305.9,1,3.6149,-0.00018134,-0.00228297,0.00210163,-8.293e-05,-9.841e-05
2016-09-09,99825.64,96305.9,1,3.5259,-0.00092321,-0.02393492,0.02301171,-0.00086524,-5.798e-05
2016-09-12,99918.19,96305.9,1,3.6152,0.00092716,0.01434762,-0.01342046,0.00050588,0.00042128
2016-09-13,99851.18,96305.9,1,3.5506,-0.00067062,-0.01437585,0.01370523,-0.00051972,-0.0001509
2016-09-14,99852.33,96305.9,1,3.5517,1.151e-05,-0.00037493,0.00038644,-1.331e-05,2.482e-05
2016-09-15,99921.68,96305.9,1,3.6186,0.00069452,0.00999262,-0.0092981,0.00035491,0.00033962
2016-09-16,99906.17,96305.9,1,3.6036,-0.00015526,-0.00386523,0.00370997,-0.00013987,-1.54e-05
2016-09-19,99874.79,96305.9,1,3.5734,-0.00031411,0.00018722,-0.00050134,6.75e-06,-0.00032086
2016-09-20,99868.2,96305.9,1,3.567,-6.594e-05,4.707e-05,-0.00011301,1.68e-06,-6.762e-05
2016-09-21,99885.57,99885.57,0,0.0,0.0001739,0.01124555,-0.01107164,0.00040113,-0.00022722
2016-09-22,99885.57,99885.57,0,0.0,0.0,0.00630145,-0.00630145,0.0,0.0
2016-09-23,99835.55,96260.71,1,3.5807,-0.00050075,-0.00547944,0.00497869,-0.0,-0.00050075
2016-09-26,99832.52,96260.71,1,3.5778,-3.04e-05,-0.00810221,0.00807181,-0.00029012,0.00025972
2016-09-27,99854.63,96260.71,1,3.5992,0.0002215,0.0062078,-0.0059863,0.0002221,-6e-07
2016-09-28,100015.51,96260.71,1,3.7542,0.00161111,0.00496389,-0.00335278,0.00017866,0.00143245
2016-09-29,100053.66,96260.71,1,3.7909,0.0003815,-0.00904733,0.00942884,-0.00033966,0.00072116
2016-09-30,100110.04,96260.71,1,3.8451,0.00056346,0.00754607,-0.00698261,0.00028607,0.00027739
2016-10-03,100088.79,96260.71,1,3.8247,-0.00021226,-0.00240417,0.00219192,-9.244e-05,-0.00011981
2016-10-04,100055.4,96260.71,1,3.7926,-0.00033359,-0.00509764,0.00476405,-0.00019497,-0.00013862
2016-10-05,100138.22,96260.71,1,3.8722,0.00082774,0.00442568,-0.00359794,0.00016785,0.00065989
2016-10-06,100132.58,96260.71,1,3.8667,-5.63e-05,0.000695,-0.0007513,2.691e-05,-8.321e-05
2016-10-07,100093.9,92677.74,2,7.4092,-0.00038634,-0.00342928,0.00304294,-0.0001326,-0.00025374
2016-10-10,100118.24,92677.74,2,7.4317,0.00024319,0.0052086,-0.00496542,0.00038592,-0.00014273
2016-10-11,100053.24,92677.74,2,7.3716,-0.00064922,-0.01263009,0.01198087,-0.00093863,0.00028941
2016-10-12,100030.5,92677.74,2,7.3505,-0.00022727,0.00131238,-0.00153966,9.674e-05,-0.00032401
2016-10-13,99940.45,92677.74,2,7.267,-0.00090026,-0.00327557,0.00237531,-0.00024077,-0.00065949
2016-10-14,99987.59,96185.96,1,3.8021,0.00047175,0.00051601,-4.426e-05,3.75e-05,0.00043425
2016-10-17,99971.11,96185.96,1,3.7862,-0.00016483,-0.00347208,0.00330725,-0.00013201,-3.282e-05
2016-10-18,99968.08,96185.96,1,3.7833,-3.036e-05,0.00626272,-0.00629308,0.00023712,-0.00026748
2016-10-19,99941.99,92556.72,2,7.3896,-0.00026093,0.00266669,-0.00292763,0.00010089,-0.00036182
2016-10-20,99930.8,92556.72,2,7.3792,-0.00011203,-0.00186646,0.00175443,-0.00013792,2.589e-05
2016-10-21,99982.47,92556.72,2,7.427,0.00051704,0.00046749,4.955e-05,3.45e-05,0.00048254
2016-10-24,99993.77,92556.72,2,7.4375,0.00011304,0.00425292,-0.00413988,0.00031587,-0.00020282
2016-10-25,100108.99,92556.72,2,7.544,0.00115231,-0.00335053,0.00450284,-0.0002492,0.00140151
2016-10-26,100132.3,92556.72,2,7.5656,0.00023281,-0.00200759,0.0022404,-0.00015145,0.00038426
2016-10-27,100036.83,92556.72,2,7.4774,-0.00095342,-0.00266687,0.00171345,-0.00020176,-0.00075165
2016-10-28,100061.15,92556.72,2,7.4998,0.00024313,-0.00295564,0.00319877,-0.000221,0.00046413
2016-10-31,100056.09,88969.28,3,11.0806,-5.058e-05,4.726e-05,-9.785e-05,3.54e-06,-5.413e-05
2016-11-01,99944.05,85344.16,4,14.6081,-0.00111983,-0.0072458,0.00612597,-0.00080288,-0.00031695
2016-11-02,99697.5,85344.16,4,14.3969,-0.00246683,-0.0060183,0.00355147,-0.00087916,-0.00158767
2016-11-03,99531.65,88784.71,3,10.7975,-0.00166358,-0.00457725,0.00291367,-0.00065898,-0.0010046
2016-11-04,99575.23,92187.27,2,7.4195,0.00043794,-0.0011016,0.00153954,-0.00011895,0.00055689
2016-11-07,99680.77,92187.27,2,7.5175,0.00105984,0.02205687,-0.02099703,0.00163651,-0.00057666
2016-11-08,99696.59,92187.27,2,7.5322,0.0001587,0.00450458,-0.00434587,0.00033863,-0.00017993
2016-11-09,100236.39,92187.27,2,8.0301,0.00541448,0.01060157,-0.00518709,0.00079853,0.00461595
2016-11-10,100500.16,85057.18,4,15.3661,0.00263143,0.00249506,0.00013638,0.00020036,0.00243108
2016-11-11,100473.75,85057.18,4,15.3439,-0.00026282,-0.00230469,0.00204187,-0.00035414,9.132e-05
2016-11-14,100737.89,85057.18,4,15.5659,0.00262904,0.00078584,0.0018432,0.00012058,0.00250846
2016-11-15,100789.26,85057.18,4,15.6089,0.00050993,0.00780257,-0.00729263,0.00121454,-0.0007046
2016-11-16,100560.1,69277.45,7,31.1084,-0.0022737,-0.00187828,-0.00039542,-0.00029318,-0.00198052
2016-11-17,100865.01,69277.45,7,31.3167,0.0030321,0.00514095,-0.00210885,0.00159927,0.00143283
2016-11-18,100767.77,69277.45,7,31.2504,-0.00096401,-0.00223809,0.00127408,-0.0007009,-0.00026311
2016-11-21,100852.51,69277.45,7,31.3082,0.00084096,0.00755207,-0.00671111,0.00236005,-0.00151909
2016-11-22,101100.88,69277.45,7,31.4769,0.0024627,0.00195305,0.00050965,0.00061147,0.00185124
2016-11-23,101450.41,69021.04,8,31.9657,0.00345719,0.00054384,0.00291335,0.00017118,0.00328601
2016-11-25,101479.04,69021.04,8,31.9849,0.0002822,0.00371537,-0.00343317,0.00118765,-0.00090545
2016-11-28,101065.49,69021.04,8,31.7066,-0.00407525,-0.00469504,0.00061979,-0.00150171,-0.00257355
2016-11-29,101150.53,69021.04,8,31.764,0.00084152,0.00195066,-0.00110914,0.00061849,0.00022303
2016-11-30,101420.33,69021.04,8,31.9456,0.00266726,-0.00239948,0.00506674,-0.00076217,0.00342943
2016-12-01,101884.74,73315.16,6,28.0411,0.00457906,-0.00367518,0.00825424,-0.00117406,0.00575312
2016-12-02,101654.23,73315.16,6,27.8779,-0.00226241,0.00050112,-0.00276353,0.00014052,-0.00240293
2016-12-05,101781.74,73315.16,6,27.9683,0.00125435,0.00600888,-0.00475453,0.00167515,-0.0004208
2016-12-06,101993.55,73315.16,6,28.1178,0.00208102,0.00316699,-0.00108597,0.00088575,0.00119527
2016-12-07,102505.14,73315.16,6,28.4766,0.00501588,0.01308108,-0.00806519,0.00367812,0.00133777
2016-12-08,102539.49,77040.96,5,24.867,0.00033507,0.00244847,-0.0021134,0.00069724,-0.00036217
2016-12-09,102552.64,77040.96,5,24.8767,0.0001283,0.00604084,-0.00591255,0.00150218,-0.00137388
2016-12-12,102113.47,69435.77,6,32.0014,-0.0042824,-0.00114842,-0.00313399,-0.00028569,-0.00399672
2016-12-13,102187.9,69435.77,6,32.0509,0.00072889,0.00667385,-0.00594496,0.00213572,-0.00140683
2016-12-14,101940.85,69435.77,6,31.8862,-0.00241756,-0.0082538,0.00583624,-0.00264542,0.00022786
2016-12-15,102313.84,69435.77,6,32.1345,0.00365888,0.00411729,-0.00045841,0.00131285,0.00234603
2016-12-16,102034.87,69435.77,6,31.949,-0.00272664,-0.00195596,-0.00077068,-0.00062854,-0.0020981
2016-12-19,102004.73,73453.29,5,27.9903,-0.00029536,0.00217755,-0.0024729,0.0006957,-0.00099106
2016-12-20,102300.09,73453.29,5,28.1982,0.00289554,0.00385752,-0.00096198,0.00107973,0.00181581
2016-12-21,102229.17,73453.29,5,28.1484,-0.00069332,-0.00278252,0.0020892,-0.00078462,9.131e-05
2016-12-22,102163.24,73453.29,5,28.102,-0.00064488,-0.00172766,0.00108278,-0.00048631,-0.00015857
2016-12-23,102212.9,69867.49,6,31.6451,0.00048604,0.00146428,-0.00097824,0.00041149,7.455e-05
2016-12-27,102300.35,69867.49,6,31.7036,0.0008556,0.00248131,-0.00162571,0.00078521,7.038e-05
2016-12-28,101801.72,69867.49,6,31.3691,-0.00487418,-0.00826511,0.00339093,-0.00262034,-0.00225384
2016-12-29,101496.06,69867.49,6,31.1624,-0.00300248,-0.00022252,-0.00277996,-6.98e-05,-0.00293268
2016-12-30,101601.64,76970.38,5,24.243,0.00104019,-0.00365473,0.00469492,-0.0011389,0.00217909
2017-01-03,101812.36,76970.38,5,24.3998,0.00207401,0.00764953,-0.00557552,0.00185447,0.00021954
2017-01-04,101924.52,81306.61,4,20.2286,0.00110165,0.00594943,-0.00484778,0.00145165,-0.00035
2017-01-05,101696.44,81306.61,4,20.0497,-0.00223772,-0.00079437,-0.00144334,-0.00016069,-0.00207703
2017-01-06,101732.7,81179.72,4,20.2029,0.00035649,0.00357753,-0.00322104,0.00071728,-0.0003608
2017-01-09,101612.14,73989.01,6,27.1849,-0.00118506,-0.00330055,0.00211548,-0.00066681,-0.00051826
2017-01-10,101836.88,73989.01,6,27.3456,0.00221176,0.0,0.00221176,0.0,0.00221176
2017-01-11,102073.1,73989.01,6,27.5137,0.00231959,0.00282588,-0.00050629,0.00077275,0.00154684
2017-01-12,101913.91,73989.01,6,27.4005,-0.0015596,-0.00250959,0.00094999,-0.00069048,-0.00086912
2017-01-13,102117.51,73989.01,6,27.5452,0.00199778,0.00229548,-0.00029769,0.00062897,0.00136881
2017-01-17,101270.56,73989.01,6,26.9393,-0.00829389,-0.00352381,-0.00477008,-0.00097064,-0.00732325
2017-01-18,101573.54,70298.29,7,30.7908,0.00299186,0.00221004,0.00078182,0.00059537,0.00239649
2017-01-19,101318.96,70298.29,7,30.6168,-0.00250641,-0.00370413,0.00119772,-0.00114053,-0.00136588
2017-01-20,101290.42,70298.29,7,30.5973,-0.00028168,0.0036737,-0.00395537,0.00112477,-0.00140645
2017-01-23,101173.32,74300.94,6,26.5607,-0.00115611,-0.00260217,0.00144606,-0.00079619,-0.00035992
2017-01-24,101530.42,77828.84,5,23.3443,0.00352958,0.00641175,-0.00288217,0.00170301,0.00182657
2017-01-25,101975.87,77828.84,5,23.6792,0.00438739,0.00865559,-0.0042682,0.00202059,0.0023668
2017-01-26,101998.27,77828.84,5,23.6959,0.00021969,-0.00104554,0.00126523,-0.00024757,0.00046727
2017-01-27,101744.77,77828.84,5,23.5058,-0.0024854,-0.0015697,-0.00091571,-0.00037195,-0.00211345
2017-01-30,101532.2,77828.84,5,23.3457,-0.00208922,-0.00620143,0.00411221,-0.0014577,-0.00063152
2017-01-31,101455.83,81522.36,4,19.6474,-0.00075221,-8.828e-05,-0.00066392,-2.061e-05,-0.0007316
2017-02-01,101511.88,85187.27,3,16.0815,0.00055247,0.00039553,0.00015694,7.771e-05,0.00047476
2017-02-02,101353.05,85187.27,3,15.95,-0.00156462,0.00065912,-0.00222374,0.000106,-0.00167061
2017-02-03,101674.83,85187.27,3,16.216,0.00317485,0.00689279,-0.00371795,0.0010994,0.00207545
2017-02-06,101631.12,85187.27,3,16.1799,-0.00042985,-0.00178786,0.001358,-0.00028992,-0.00013994
2017-02-07,101565.99,81546.95,4,19.7104,-0.00064085,4.413e-05,-0.00068498,7.14e-06,-0.00064799
2017-02-08,101613.76,84979.42,3,16.3702,0.00047031,0.00131014,-0.00083983,0.00025823,0.00021208
2017-02-09,101776.96,94381.47,2,7.2664,0.00160604,0.00593275,-0.0043267,0.0009712,0.00063484
2017-02-10,101744.7,94381.47,2,7.237,-0.00031699,0.00394594,-0.00426293,0.00028673,-0.00060372
2017-02-13,101771.44,85792.25,3,15.7011,0.00026287,0.00544271,-0.00517984,0.00039389,-0.00013102
2017-02-14,101716.77,82131.65,4,19.2546,-0.00053723,0.00399546,-0.00453268,0.00062733,-0.00116455
2017-02-15,101764.66,82131.65,4,19.2926,0.0004708,0.00522028,-0.00474948,0.00100514,-0.00053434
2017-02-16,101648.38,71050.6,7,30.1016,-0.00114257,-0.00085169,-0.00029088,-0.00016431,-0.00097826
2017-02-17,101632.3,71050.6,7,30.0905,-0.0001582,0.00157669,-0.0017349,0.00047461,-0.00063281
2017-02-21,101845.62,71050.6,7,30.237,0.00209894,0.00595503,-0.0038561,0.0017919,0.00030703
2017-02-22,101722.97,71050.6,7,30.1528,-0.00120432,-0.00088826,-0.00031606,-0.00026858,-0.00093573
2017-02-23,101677.66,71050.6,7,30.1217,-0.00044537,0.00067772,-0.00112309,0.00020435,-0.00064972
2017-02-24,101652.15,71050.6,7,30.1042,-0.00025091,0.00126858,-0.0015195,0.00038212,-0.00063303
2017-02-27,101634.61,74692.35,6,26.5089,-0.00017259,0.00156275,-0.00173534,0.00047045,-0.00064304
2017-02-28,101597.29,77110.73,5,24.1016,-0.00036717,-0.00269896,0.00233178,-0.00071546,0.00034829
2017-03-01,102124.76,77110.73,5,24.4936,0.00519178,0.01399781,-0.00880603,0.00337369,0.00181808
2017-03-02,101814.73,77110.73,5,24.2637,-0.00303577,-0.00629766,0.00326188,-0.00154252,-0.00149325
2017-03-03,101977.32,77110.73,5,24.3844,0.00159692,0.00062966,0.00096726,0.00015278,0.00144414
2017-03-06,101839.36,73463.97,6,27.8629,-0.00135285,-0.0029783,0.00162546,-0.00072624,-0.0006266
2017-03-07,101721.66,73463.97,6,27.7794,-0.00115571,-0.00298671,0.001831,-0.00083218,-0.00032353
2017-03-08,101836.45,73310.29,6,28.0117,0.00112841,-0.00185648,0.0029849,-0.00051572,0.00164413
2017-03-09,101873.57,73310.29,6,28.038,0.00036449,0.00126843,-0.00090394,0.00035531,9.18e-06
2017-03-10,101853.16,73310.29,6,28.0235,-0.00020028,0.00350386,-0.00370414,0.00098241,-0.00118269
2017-03-13,101982.42,71016.24,7,30.3642,0.00126905,0.00050516,0.00076389,0.00014156,0.00112748
2017-03-14,101928.78,71016.24,7,30.3276,-0.00052595,-0.00382679,0.00330084,-0.00116198,0.00063602
2017-03-15,102099.96,71016.24,7,30.4444,0.00167941,0.00865353,-0.00697412,0.00262441,-0.000945
2017-03-16,102154.89,71016.24,7,30.4818,0.00053798,-0.0019672,0.00250518,-0.0005989,0.00113688
2017-03-17,101986.14,71016.24,7,30.3668,-0.00165188,-0.00175586,0.00010397,-0.00053522,-0.00111667
2017-03-20,101831.05,71016.24,7,30.2607,-0.00152073,-0.00109702,-0.0004237,-0.00033313,-0.0011876
2017-03-21,101301.67,78957.69,5,22.0569,-0.00519859,-0.01283936,0.00764077,-0.00388528,-0.00131331
2017-03-22,101421.14,78957.69,5,22.1487,0.00117933,0.00235314,-0.00117382,0.00051903,0.0006603
2017-03-23,101452.34,78957.69,5,22.1726,0.0003076,-0.00106697,0.00137457,-0.00023632,0.00054392
2017-03-24,101433.99,78957.69,5,22.1585,-0.00018079,-0.00072673,0.00054594,-0.00016113,-1.966e-05
2017-03-27,101338.4,78957.69,5,22.0851,-0.00094238,-0.00102587,8.348e-05,-0.00022732,-0.00071507
2017-03-28,101403.94,87934.79,4,13.2827,0.00064671,0.00727655,-0.00662985,0.00160704,-0.00096033
2017-03-29,101392.63,87934.79,4,13.273,-0.00011152,0.0009345,-0.00104602,0.00012413,-0.00023565
2017-03-30,101488.96,87934.79,4,13.3553,0.00095007,0.00318426,-0.00223419,0.00042265,0.00052743
2017-03-31,101454.57,87934.79,4,13.3259,-0.00033889,-0.00232765,0.00198876,-0.00031087,-2.803e-05
2017-04-03,101455.73,87934.79,4,13.3269,1.149e-05,-0.00173914,0.00175063,-0.00023176,0.00024325
2017-04-04,101422.25,87934.79,4,13.2983,-0.00033005,0.00063772,-0.00096777,8.499e-05,-0.00041504
2017-04-05,101439.83,88037.48,4,13.2121,0.00017333,-0.00297297,0.0031463,-0.00039535,0.00056869
2017-04-06,101502.64,91755.69,3,9.6027,0.00061919,0.00281144,-0.00219225,0.00037145,0.00024774
2017-04-07,101663.0,91755.69,3,9.7452,0.00157986,-0.00101948,0.00259934,-9.79e-05,0.00167776
2017-04-10,101583.53,91755.69,3,9.6746,-0.0007817,0.00059481,-0.00137651,5.797e-05,-0.00083967
2017-04-11,101565.25,91755.69,3,9.6584,-0.00017995,-0.0011894,0.00100945,-0.00011507,-6.488e-05
2017-04-12,101483.25,91755.69,3,9.5854,-0.00080736,-0.00438159,0.00357422,-0.00042319,-0.00038417
2017-04-13,101415.87,95512.83,2,5.8206,-0.00066396,-0.00649508,0.00583112,-0.00062258,-4.138e-05
2017-04-17,101452.11,95512.83,2,5.8543,0.00035734,0.00885978,-0.00850244,0.00051569,-0.00015835
2017-04-18,101444.51,95512.83,2,5.8472,-7.491e-05,-0.0029845,0.00290959,-0.00017472,9.981e-05
2017-04-19,101416.67,95512.83,2,5.8214,-0.00027444,-0.00183858,0.00156414,-0.00010751,-0.00016693
2017-04-20,101494.99,95512.83,2,5.894,0.00077226,0.00813901,-0.00736675,0.0004738,0.00029846
2017-04-21,101385.26,91842.96,3,9.4119,-0.0010811,-0.00318648,0.00210538,-0.00018781,-0.00089329
2017-04-24,101445.91,91842.96,3,9.4661,0.00059821,0.0109976,-0.01039938,0.00103508,-0.00043687
2017-04-25,101450.07,91842.96,3,9.4698,4.101e-05,0.00581874,-0.00577773,0.00055081,-0.0005098
2017-04-26,101483.36,91842.96,3,9.4995,0.00032814,-0.00062862,0.00095676,-5.953e-05,0.00038767
2017-04-27,101244.52,91593.82,3,9.5321,-0.00235346,0.00083901,-0.00319247,7.97e-05,-0.00243316
2017-04-28,101222.46,91593.82,3,9.5124,-0.00021793,-0.00217961,0.00196168,-0.00020776,-1.016e-05
2017-05-01,101216.48,91593.82,3,9.507,-5.91e-05,0.00252043,-0.00257952,0.00023975,-0.00029885
2017-05-02,101183.44,87965.59,4,13.0633,-0.00032641,0.00037687,-0.00070328,3.583e-05,-0.00036224
2017-05-03,101259.56,80806.18,6,20.199,0.00075228,-0.00121444,0.00196673,-0.00015865,0.00091093
2017-05-04,101399.4,80806.18,6,20.309,0.001381,0.00117374,0.00020726,0.00023708,0.00114392
2017-05-05,101340.82,80806.18,6,20.2629,-0.00057768,0.00393743,-0.0045151,0.00079965,-0.00137733
2017-05-08,101241.53,80806.18,6,20.1847,-0.00097978,-0.00016689,-0.00081289,-3.382e-05,-0.00094597
2017-05-09,101318.53,84267.72,5,16.8289,0.00076053,-0.00091806,0.0016786,-0.00018531,0.00094584
2017-05-10,101397.91,84267.72,5,16.894,0.0007835,0.00179581,-0.0010123,0.00030221,0.00048129
2017-05-11,101433.52,84267.72,5,16.9232,0.00035118,-0.00204275,0.00239393,-0.0003451,0.00069628
2017-05-12,101389.02,84267.72,5,16.8867,-0.00043869,-0.00167116,0.00123247,-0.00028281,-0.00015588
2017-05-15,101561.93,87722.61,4,13.6265,0.0017054,0.00552358,-0.00381818,0.00093275,0.00077265
2017-05-16,101586.92,87722.61,4,13.6477,0.00024604,-0.00091562,0.00116166,-0.00012477,0.00037081
2017-05-17,101272.82,87722.61,4,13.3799,-0.00309189,-0.01774404,0.01465215,-0.00242166,-0.00067023
2017-05-18,101482.55,87722.61,4,13.5589,0.00207094,0.00402868,-0.00195774,0.00053903,0.0015319
2017-05-19,101461.82,87722.61,4,13.5413,-0.00020426,0.00650391,-0.00670818,0.00088186,-0.00108612
2017-05-22,101640.87,84043.27,5,17.3135,0.00176463,0.00507772,-0.00331309,0.00068759,0.00107704
2017-05-23,101450.06,84043.27,5,17.158,-0.00187727,0.00221275,-0.00409002,0.0003831,-0.00226037
2017-05-24,101393.29,84043.27,5,17.1116,-0.00055962,0.00233261,-0.00289223,0.00040023,-0.00095985
2017-05-25,101581.89,84043.27,5,17.2655,0.00186011,0.00477978,-0.00291967,0.0008179,0.00104221
2017-05-26,101701.29,84043.27,5,17.3626,0.0011754,-0.00020708,0.00138248,-3.575e-05,0.00121115
2017-05-30,101631.54,84043.27,5,17.3059,-0.00068584,-0.00086866,0.00018283,-0.00015082,-0.00053501
2017-05-31,101781.33,88058.93,4,13.4822,0.00147389,-0.00024847,0.00172236,-4.3e-05,0.00151689
2017-06-01,101946.96,84417.27,5,17.1949,0.0016273,0.00795217,-0.00632487,0.00107213,0.00055516
2017-06-02,102259.06,76077.15,6,25.6035,0.00306136,0.00332852,-0.00026715,0.00057234,0.00248903
2017-06-05,102243.58,79424.13,5,22.3187,-0.00015134,-0.00073727,0.00058593,-0.00018877,3.743e-05
2017-06-06,102072.51,79424.13,5,22.1885,-0.00167318,-0.00319672,0.00152354,-0.00071347,-0.00095971
2017-06-07,102114.86,81885.11,4,19.8108,0.00041487,0.00185021,-0.00143534,0.00041053,4.33e-06
2017-06-08,102264.04,81885.11,4,19.9278,0.00146096,0.00049254,0.00096841,9.758e-05,0.00136338
2017-06-09,101964.79,81885.11,4,19.6928,-0.00292624,-0.00151769,-0.00140856,-0.00030244,-0.0026238
2017-06-12,101948.83,78213.23,5,23.2819,-0.00015649,-0.00020567,4.919e-05,-4.05e-05,-0.00011599
2017-06-13,101915.7,82067.57,4,19.475,-0.00032497,0.00489016,-0.00521512,0.00113852,-0.00146349
2017-06-14,102056.5,82067.57,4,19.5861,0.00138153,-0.00126753,0.00264906,-0.00024685,0.00162838
2017-06-15,101893.91,82067.57,4,19.4578,-0.00159314,-0.00192478,0.00033164,-0.00037699,-0.00121615
2017-06-16,101703.24,82067.57,4,19.3068,-0.00187129,0.00021865,-0.00208994,4.254e-05,-0.00191384
2017-06-19,102112.32,82067.57,4,19.6301,0.00402227,0.00832492,-0.00430266,0.00160728,0.00241499
2017-06-20,102138.17,94478.98,2,7.4989,0.00025318,-0.00674378,0.00699696,-0.00132381,0.00157699
2017-06-21,102514.29,86099.08,3,16.0126,0.00368247,-0.00024715,0.00392962,-1.853e-05,0.003701
2017-06-22,102619.85,86099.08,3,16.099,0.00102968,-0.00045275,0.00148243,-7.25e-05,0.00110218
2017-06-23,102489.72,86099.08,3,15.9925,-0.00126804,0.00119445,-0.00246249,0.0001923,-0.00146033
2017-06-26,102409.12,82411.92,4,19.5268,-0.00078643,0.0006578,-0.00144423,0.0001052,-0.00089163
2017-06-27,102053.42,82411.92,4,19.2463,-0.00347336,-0.00805582,0.00458245,-0.00157304,-0.00190032
2017-06-28,102396.62,82411.92,4,19.5169,0.00336292,0.00895034,-0.00558742,0.00172261,0.00164031
2017-06-29,102175.61,82339.14,4,19.4141,-0.00215829,-0.00878919,0.0066309,-0.00171538,-0.00044291
2017-06-30,102348.28,82339.14,4,19.5501,0.00168992,0.00186448,-0.00017456,0.00036197,0.00132794
2017-07-03,102513.11,82339.14,4,19.6794,0.00161044,0.00169589,-8.546e-05,0.00033155,0.00127889
2017-07-05,102456.39,82339.14,4,19.6349,-0.00055324,0.00231199,-0.00286523,0.00045499,-0.00100823
2017-07-06,102379.93,82339.14,4,19.5749,-0.00074629,-0.00914465,0.00839836,-0.00179555,0.00104926
2017-07-07,102596.92,82339.14,4,19.745,0.00211942,0.00648496,-0.00436555,0.00126943,0.00084999
2017-07-10,102724.33,82339.14,4,19.8446,0.00124192,0.0010745,0.00016742,0.00021216,0.00102976
2017-07-11,102592.2,82339.14,4,19.7413,-0.0012863,-0.00074294,-0.00054337,-0.00014743,-0.00113887
2017-07-12,102784.89,82339.14,4,19.8918,0.00187824,0.00751471,-0.00563647,0.0014835,0.00039473
2017-07-13,103046.31,82339.14,4,20.095,0.00254336,0.00168006,0.0008633,0.00033419,0.00220917
2017-07-14,103258.48,82339.14,4,20.2592,0.00205899,0.00466456,-0.00260557,0.00093734,0.00112165
2017-07-17,103243.94,82339.14,4,20.248,-0.00014085,-0.00012229,-1.856e-05,-2.478e-05,-0.00011608
2017-07-18,103081.09,78592.97,5,23.7562,-0.00157734,0.00052953,-0.00210687,0.00010722,-0.00168456
2017-07-19,103146.4,78592.97,5,23.8044,0.00063357,0.00541381,-0.00478024,0.00128611,-0.00065254
2017-07-20,103247.79,74855.25,6,27.4994,0.000983,0.00044534,0.00053766,0.00010601,0.00087699
2017-07-21,103047.87,74855.25,6,27.3588,-0.00193633,-0.00089029,-0.00104604,-0.00024483,-0.00169151
2017-07-24,103059.78,78920.22,5,23.4229,0.00011559,-0.00024281,0.00035841,-6.643e-05,0.00018202
2017-07-25,103205.0,82458.12,4,20.1026,0.00140912,0.00243057,-0.00102145,0.00056931,0.00083981
2017-07-26,103250.62,82458.12,4,20.1379,0.00044198,4.046e-05,0.00040152,8.13e-06,0.00043385
2017-07-27,103246.31,82458.12,4,20.1346,-4.172e-05,-0.00092956,0.00088784,-0.00018719,0.00014548
2017-07-28,102816.16,85749.18,3,16.5995,-0.00416628,-0.00117292,-0.00299336,-0.00023616,-0.00393012
2017-07-31,102763.49,85749.18,3,16.5568,-0.00051222,-0.00056711,5.489e-05,-9.414e-05,-0.00041808
2017-08-01,102718.23,82210.08,4,19.9654,-0.00044047,0.00222871,-0.00266917,0.000369,-0.00080947
2017-08-02,102618.59,82210.08,4,19.8877,-0.00097006,0.00048569,-0.00145575,9.697e-05,-0.00106703
2017-08-03,102510.2,82210.08,4,19.803,-0.00105622,-0.00194042,0.0008842,-0.00038591,-0.00067031
2017-08-04,102523.4,91243.51,3,11.0023,0.0001288,0.00182259,-0.00169379,0.00036093,-0.00023213
2017-08-07,102529.27,91243.51,3,11.0073,5.722e-05,0.00185927,-0.00180205,0.00020456,-0.00014735
2017-08-08,102588.73,91243.51,3,11.0589,0.00057993,-0.00246112,0.00304104,-0.0002709,0.00085083
2017-08-09,102691.7,91243.51,3,11.1481,0.00100378,-4.048e-05,0.00104426,-4.48e-06,0.00100825
2017-08-10,102588.33,91243.51,3,11.0586,-0.00100667,-0.0141155,0.01310883,-0.00157361,0.00056694
2017-08-11,102574.17,95436.09,2,6.9589,-0.00013798,0.0014774,-0.00161538,0.00016338,-0.00030136
2017-08-14,102669.2,95436.09,2,7.0451,0.00092645,0.00991275,-0.0089863,0.00068982,0.00023663
2017-08-15,102613.67,95436.09,2,6.9948,-0.00054086,-0.00012181,-0.00041906,-8.58e-06,-0.00053228
2017-08-16,102664.3,95436.09,2,7.0406,0.00049341,0.0017447,-0.0012513,0.00012204,0.00037137
2017-08-17,102534.86,95436.09,2,6.9233,-0.00126081,-0.01559113,0.01433031,-0.00109771,-0.0001631
2017-08-18,102516.93,95436.09,2,6.907,-0.00017486,-0.00156336,0.0013885,-0.00010824,-6.663e-05
2017-08-21,102546.2,98967.31,1,3.49,0.00028547,0.00078314,-0.00049767,5.409e-05,0.00023138
2017-08-22,102546.2,98967.31,1,3.49,0.0,0.01045707,-0.01045707,0.00036495,-0.00036495
2017-08-23,102498.89,98967.31,1,3.4455,-0.00046135,-0.00358572,0.00312436,-0.00012514,-0.00033621
2017-08-24,102500.14,98967.31,1,3.4467,1.22e-05,-0.00233071,0.0023429,-8.03e-05,9.25e-05
2017-08-25,102469.12,98967.31,1,3.4174,-0.00030263,0.00233615,-0.00263879,8.052e-05,-0.00038315
2017-08-28,102511.42,98967.31,1,3.4573,0.00041281,4.093e-05,0.00037188,1.4e-06,0.00041141
2017-08-29,102471.32,98967.31,1,3.4195,-0.00039118,0.00114508,-0.00153626,3.959e-05,-0.00043077
2017-08-30,102498.26,98967.31,1,3.4449,0.00026291,0.00473719,-0.00447428,0.00016199,0.00010092
2017-08-31,102528.66,98967.31,1,3.4735,0.00029659,0.00601645,-0.00571987,0.00020726,8.933e-05
2017-09-01,102517.69,98967.31,1,3.4632,-0.00010699,0.00141423,-0.00152122,4.912e-05,-0.00015612
2017-09-05,102472.57,98967.31,1,3.4207,-0.00044012,-0.00718184,0.00674172,-0.00024872,-0.0001914
2017-09-06,102483.85,98967.31,1,3.4313,0.00011008,0.00341349,-0.00330341,0.00011676,-6.69e-06
2017-09-07,102528.69,95257.82,2,7.0915,0.00043753,-0.00012163,0.00055916,-4.17e-06,0.0004417
2017-09-08,102530.61,95257.82,2,7.0933,1.874e-05,-0.00117496,0.0011937,-8.332e-05,0.00010206
2017-09-11,102758.51,95257.82,2,7.2993,0.00222275,0.01066637,-0.00844362,0.0007566,0.00146615
2017-09-12,102705.8,95257.82,2,7.2518,-0.00051296,0.00337035,-0.00388331,0.00024601,-0.00075897
2017-09-13,102522.37,87818.0,4,14.3426,-0.00178595,0.00048039,-0.00226633,3.484e-05,-0.00182078
2017-09-14,102503.55,87818.0,4,14.3269,-0.0001836,-0.0003201,0.0001365,-4.591e-05,-0.00013769
2017-09-15,102502.15,91574.12,3,10.6613,-1.365e-05,0.00134616,-0.00135981,0.00019286,-0.00020651
2017-09-18,102388.8,87870.92,4,14.1792,-0.00110584,0.00212679,-0.00323262,0.00022674,-0.00133258
2017-09-19,102257.94,87870.92,4,14.0693,-0.00127805,0.00100131,-0.00227936,0.00014198,-0.00142003
2017-09-20,102069.05,95122.81,2,6.8054,-0.00184714,0.00036,-0.00220714,5.065e-05,-0.00189779
2017-09-21,101961.62,101961.62,0,0.0,-0.00105254,-0.00267934,0.00162679,-0.00018234,-0.0008702
2017-09-22,101961.62,101961.62,0,0.0,0.0,0.00020062,-0.00020062,0.0,0.0
2017-09-25,101961.62,101961.62,0,0.0,0.0,-0.00204479,0.00204479,-0.0,0.0
2017-09-26,101961.62,101961.62,0,0.0,0.0,0.00060251,-0.00060251,0.0,0.0
2017-09-27,101961.62,101961.62,0,0.0,0.0,0.00389462,-0.00389462,0.0,0.0
2017-09-28,101961.62,101961.62,0,0.0,0.0,0.00119961,-0.00119961,0.0,0.0
2017-09-29,101961.62,101961.62,0,0.0,0.0,0.00351496,-0.00351496,0.0,0.0
2017-10-02,101961.62,101961.62,0,0.0,0.0,0.00433889,-0.00433889,0.0,0.0
2017-10-03,101961.62,101961.62,0,0.0,0.0,0.00213988,-0.00213988,0.0,0.0
2017-10-04,101961.62,101961.62,0,0.0,0.0,0.00118628,-0.00118628,0.0,0.0
2017-10-05,101961.62,101961.62,0,0.0,0.0,0.00592529,-0.00592529,0.0,0.0
2017-10-06,101961.62,101961.62,0,0.0,0.0,-0.00113878,0.00113878,-0.0,0.0
2017-10-09,101961.62,101961.62,0,0.0,0.0,-0.00165094,0.00165094,-0.0,0.0
2017-10-10,101961.62,101961.62,0,0.0,0.0,0.00263829,-0.00263829,0.0,0.0
2017-10-11,102020.2,93322.13,1,8.5258,0.00057449,0.00157108,-0.00099658,0.0,0.00057449
2017-10-12,102064.99,93322.13,1,8.566,0.0004391,-0.0014905,0.00192959,-0.00012708,0.00056617
2017-10-13,102107.96,89645.13,2,12.2055,0.00042099,0.00121756,-0.00079657,0.0001043,0.00031669
2017-10-16,102111.34,89645.13,2,12.2084,3.304e-05,0.00133373,-0.00130069,0.00016279,-0.00012975
2017-10-17,102183.06,85942.38,3,15.8937,0.00070239,0.00070544,-3.05e-06,8.612e-05,0.00061627
2017-10-18,102218.34,85942.38,3,15.9227,0.00034525,0.00097832,-0.00063307,0.00015549,0.00018976
2017-10-19,102300.62,85942.38,3,15.9904,0.00080493,0.00027355,0.00053138,4.356e-05,0.00076138
2017-10-20,102362.41,82262.71,4,19.6358,0.00060404,0.00516075,-0.00455671,0.00082522,-0.00022118
2017-10-23,102292.79,85941.18,3,15.9851,-0.00068012,-0.00388965,0.00320953,-0.00076377,8.364e-05
2017-10-24,102351.52,85941.18,3,16.0333,0.00057412,0.00175729,-0.00118317,0.0002809,0.00029321
2017-10-25,102304.33,85941.18,3,15.9946,-0.000461,-0.00495025,0.00448925,-0.00079369,0.00033269
2017-10-26,102108.32,85941.18,3,15.8333,-0.00191601,0.00129249,-0.0032085,0.00020673,-0.00212274
2017-10-27,102186.58,85941.18,3,15.8978,0.00076645,0.00817625,-0.0074098,0.00129457,-0.00052813
2017-10-30,102164.26,85941.18,3,15.8794,-0.00021845,-0.00372511,0.00350666,-0.00059221,0.00037376
2017-10-31,102209.67,82267.91,4,19.5106,0.00044447,0.00155804,-0.00111357,0.00024741,0.00019706
2017-11-01,102031.29,82267.91,4,19.3699,-0.00174523,0.00132232,-0.00306756,0.00025799,-0.00200323
2017-11-02,102316.44,82267.91,4,19.5946,0.00279475,0.00038861,0.00240613,7.527e-05,0.00271947
2017-11-03,102203.83,85833.14,3,16.0177,-0.00110058,0.00333838,-0.00443896,0.00065414,-0.00175472
2017-11-06,102135.03,85833.14,3,15.9611,-0.0006732,0.00154779,-0.00222099,0.00024792,-0.00092112
2017-11-07,102161.84,85833.14,3,15.9832,0.0002625,-0.00069574,0.00095824,-0.00011105,0.00037355
2017-11-08,102244.9,85833.14,3,16.0514,0.00081305,0.00170095,-0.0008879,0.00027187,0.00054119
2017-11-09,102152.01,85833.14,3,15.9751,-0.00090855,-0.00362766,0.0027191,-0.00058229,-0.00032626
2017-11-10,101925.67,75149.83,5,26.27,-0.0022157,-0.00030998,-0.00190572,-4.952e-05,-0.00216618
2017-11-13,102003.91,75149.83,5,26.3265,0.00076766,0.0009298,-0.00016213,0.00024426,0.00052341
2017-11-14,101992.09,82000.15,4,19.6015,-0.00011594,-0.00232233,0.00220638,-0.00061139,0.00049544
2017-11-15,101796.73,82000.15,4,19.4472,-0.00191536,-0.00500552,0.00309016,-0.00098115,-0.0009342
2017-11-16,101992.48,82000.15,4,19.6018,0.00192293,0.00850147,-0.00657853,0.0016533,0.00026964
2017-11-17,101723.89,82000.15,4,19.3895,-0.00263345,-0.00293905,0.0003056,-0.00057611,-0.00205735
2017-11-20,101792.87,73370.04,5,27.9222,0.00067815,0.00170629,-0.00102815,0.00033084,0.00034731
2017-11-21,101881.67,76893.94,4,24.5262,0.00087231,0.00654317,-0.00567086,0.001827,-0.00095469
2017-11-22,101830.93,76893.94,4,24.4886,-0.00049803,-0.00088469,0.00038665,-0.00021698,-0.00028105
2017-11-24,101864.56,76893.94,4,24.5136,0.0003303,0.00230954,-0.00197925,0.00056558,-0.00023528
2017-11-27,101881.94,76893.94,4,24.5264,0.0001706,-0.0004991,0.0006697,-0.00012235,0.00029295
2017-11-28,102093.76,76893.94,4,24.683,0.00207911,0.01014496,-0.00806585,0.0024882,-0.00040909
2017-11-29,101895.68,76893.94,4,24.5366,-0.00194022,-0.00060888,-0.00133134,-0.00015029,-0.00178993
2017-11-30,101787.73,70987.3,5,30.2595,-0.00105939,0.00875529,-0.00981468,0.00214825,-0.00320764
2017-12-01,101813.49,74488.94,4,26.8378,0.00025305,-0.00207543,0.00232848,-0.00062801,0.00088107
2017-12-04,101803.47,77870.86,3,23.5086,-9.845e-05,-0.00121001,0.00111156,-0.00032474,0.00022629
2017-12-05,101648.2,86613.09,2,14.7913,-0.0015252,-0.00359672,0.00207152,-0.00084554,-0.00067966
2017-12-06,101675.77,92325.35,1,9.1963,0.00027131,0.0001901,8.121e-05,2.812e-05,0.00024319
2017-12-07,101894.13,92325.35,1,9.3909,0.00214756,0.00315278,-0.00100522,0.00028994,0.00185762
2017-12-08,102130.31,83681.74,2,18.0638,0.0023179,0.00545287,-0.00313497,0.00051207,0.00180583
2017-12-11,102131.16,83681.74,2,18.0644,8.31e-06,0.00301328,-0.00300497,0.00054431,-0.000536
2017-12-12,102026.56,83681.74,2,17.9804,-0.00102412,0.00176522,-0.00278934,0.00031888,-0.001343
2017-12-13,102074.6,83681.74,2,18.019,0.00047082,-0.00011287,0.00058369,-2.029e-05,0.00049112
2017-12-14,101934.51,83681.74,2,17.9064,-0.0013724,-0.00408644,0.00271404,-0.00073634,-0.00063606
2017-12-15,101906.96,83681.74,2,17.8842,-0.00027027,0.00832752,-0.00859779,0.00149116,-0.00176143
2017-12-18,101840.09,83681.74,2,17.8303,-0.00065621,0.00634141,-0.00699761,0.00113411,-0.00179032
2017-12-19,101646.24,70496.58,4,30.6452,-0.00190348,-0.00384024,0.00193676,-0.00068473,-0.00121875
2017-12-20,101671.26,70496.58,4,30.6622,0.00024614,-0.00052441,0.00077055,-0.00016071,0.00040685
2017-12-21,101452.04,70496.58,4,30.5124,-0.0021562,0.00205992,-0.00421612,0.00063162,-0.00278782
2017-12-22,101265.43,70496.58,4,30.3844,-0.00183933,-0.0002618,-0.00157753,-7.988e-05,-0.00175945
2017-12-26,101092.99,70496.58,4,30.2656,-0.00170283,-0.00119567,-0.00050717,-0.0003633,-0.00133954
2017-12-27,101117.84,70496.58,4,30.2827,0.00024583,0.000486,-0.00024018,0.00014709,9.873e-05
2017-12-28,101179.15,70496.58,4,30.325,0.00060625,0.00205768,-0.00145144,0.00062312,-1.688e-05
2017-12-29,101086.54,80458.55,3,20.4063,-0.00091523,-0.00377056,0.00285533,-0.00114342,0.00022819
2018-01-02,100999.22,88402.72,2,12.4719,-0.0008639,0.00715732,-0.00802122,0.00146054,-0.00232444
2018-01-03,101074.44,88402.72,2,12.537,0.00074481,0.00632538,-0.00558056,0.00078889,-4.408e-05
2018-01-04,101182.58,88402.72,2,12.6305,0.00106992,0.00421442,-0.00314449,0.00052836,0.00054156
2018-01-05,101282.14,79825.0,3,21.1855,0.00098397,0.00666478,-0.00568081,0.00084179,0.00014217
2018-01-08,101472.85,69734.83,4,31.2774,0.00188294,0.00182805,5.489e-05,0.00038728,0.00149566
2018-01-09,101609.92,69734.83,4,31.3701,0.00135079,0.00226302,-0.00091222,0.00070781,0.00064298
2018-01-10,101805.16,69608.68,5,31.6256,0.00192145,-0.00152934,0.00345079,-0.00047975,0.00240121
2018-01-11,102011.84,69608.68,5,31.7641,0.00203016,0.00729604,-0.00526588,0.00230742,-0.00027726
2018-01-12,102062.86,79300.78,4,22.302,0.00050011,0.0065192,-0.0060191,0.00207077,-0.00157066
2018-01-16,101829.32,79300.78,4,22.1238,-0.00228818,-0.00341862,0.00113044,-0.00076242,-0.00152576
2018-01-17,102198.04,79300.78,4,22.4048,0.00362096,0.00953144,-0.00591048,0.00210872,0.00151224
2018-01-18,102132.44,75723.21,5,25.8578,-0.0006419,-0.00168085,0.00103896,-0.00037659,-0.00026531
2018-01-19,102409.64,70460.11,7,31.1978,0.00271418,0.00454994,-0.00183576,0.00117652,0.00153766
2018-01-22,102436.54,70460.11,7,31.2158,0.00026258,0.00813086,-0.00786829,0.00253665,-0.00227407
2018-01-23,102366.52,70460.11,7,31.1688,-0.00068349,0.0021227,-0.00280619,0.00066262,-0.00134611
2018-01-24,102405.63,70460.11,7,31.1951,0.0003821,-0.00038842,0.00077052,-0.00012107,0.00050317
2018-01-25,102201.53,71894.67,8,29.654,-0.0019931,0.00042397,-0.00241707,0.00013226,-0.00212536
2018-01-26,102524.62,71894.67,8,29.8757,0.00316129,0.01157773,-0.00841644,0.00343326,-0.00027197
2018-01-29,102214.44,71894.67,8,29.6629,-0.00302544,-0.00663024,0.0036048,-0.00198083,-0.00104461
2018-01-30,101553.33,75290.2,7,25.8614,-0.00646783,-0.01025681,0.00378898,-0.00304247,-0.00342537
2018-01-31,101325.02,75290.2,7,25.6944,-0.00224818,0.00049645,-0.00274463,0.00012839,-0.00237657
2018-02-01,101343.15,85428.61,6,15.7036,0.00017889,-0.00113463,0.00131353,-0.00029154,0.00047043
2018-02-02,100930.08,90586.93,5,10.2478,-0.00407593,-0.0217702,0.01769427,-0.00341871,-0.00065722
2018-02-05,100562.09,96827.29,2,3.7139,-0.00364599,-0.04182265,0.03817667,-0.00428592,0.00063993
2018-02-06,100554.62,96827.29,2,3.7068,-7.431e-05,0.01970219,-0.0197765,0.00073172,-0.00080603
2018-02-07,100595.46,96160.15,2,4.4091,0.00040616,-0.0054243,0.00583046,-0.00020107,0.00060723
2018-02-08,100484.35,96160.15,2,4.3034,-0.00110454,-0.03750946,0.03640492,-0.00165381,0.00054927
2018-02-09,100196.12,100070.98,1,0.1249,-0.00286834,0.01502159,-0.01788993,0.00064643,-0.00351477
2018-02-12,100196.2,100070.98,1,0.125,7.8e-07,0.01468472,-0.01468395,1.834e-05,-1.756e-05
2018-02-13,100196.64,100070.98,1,0.1254,4.41e-06,0.0024873,-0.0024829,3.11e-06,1.3e-06
2018-02-14,100198.52,100070.98,1,0.1273,1.875e-05,0.01349634,-0.01347759,1.693e-05,1.83e-06
2018-02-15,100198.33,100070.98,1,0.1271,-1.9e-06,0.01276016,-0.01276206,1.624e-05,-1.814e-05
2018-02-16,100361.87,85838.52,3,14.471,0.0016321,0.00029287,0.00133923,3.7e-07,0.00163173
2018-02-20,100152.3,82218.61,4,17.9064,-0.00208805,-0.00626115,0.0041731,-0.00090605,-0.001182
2018-02-21,100023.64,82218.61,4,17.8008,-0.00128467,-0.00497433,0.00368966,-0.00089072,-0.00039395
2018-02-22,99815.11,78716.26,5,21.1379,-0.0020848,0.0012962,-0.003381,0.00023073,-0.00231554
2018-02-23,100032.07,88495.71,4,11.5327,0.00217363,0.01593907,-0.01376543,0.00336919,-0.00119556
2018-02-26,100001.06,88495.71,4,11.5052,-0.00031006,0.01161219,-0.01192225,0.00133919,-0.00164925
2018-02-27,99876.14,88495.71,4,11.3945,-0.0012492,-0.0124864,0.0112372,-0.00143659,0.00018739
2018-02-28,99859.32,88495.71,4,11.3796,-0.0001684,-0.0101302,0.0099618,-0.00115429,0.00098589
2018-03-01,99680.93,88616.37,3,11.1,-0.00178639,-0.01454068,0.01275429,-0.00165467,-0.00013172
2018-03-02,99662.11,92506.1,2,7.1803,-0.00018877,0.00515542,-0.00534418,0.00057225,-0.00076102
2018-03-05,99606.5,99606.5,0,0.0,-0.00055802,0.01155755,-0.01211557,0.00082986,-0.00138788
2018-03-06,99646.32,89680.73,1,10.001,0.00039981,0.00253519,-0.00213538,0.0,0.00039981
2018-03-07,99878.08,81364.1,2,18.5366,0.00232581,-0.0003665,0.00269231,-3.665e-05,0.00236246
2018-03-08,99892.36,81364.1,2,18.5482,0.00014292,0.00483892,-0.00469601,0.00089697,-0.00075405
2018-03-09,100152.74,72875.62,3,27.2355,0.00260662,0.0174024,-0.01479578,0.00322784,-0.00062121
2018-03-12,99936.5,69820.96,4,30.1347,-0.00215908,-0.0012552,-0.00090388,-0.00034186,-0.00181722
2018-03-13,99688.46,69820.96,4,29.9608,-0.00248199,-0.00646262,0.00398063,-0.00194749,-0.0005345
2018-03-14,99748.64,69820.96,4,30.0031,0.00060372,-0.00513144,0.00573516,-0.00153742,0.00214114
2018-03-15,99718.94,69820.96,4,29.9822,-0.00029773,-0.00108943,0.0007917,-0.00032686,2.913e-05
2018-03-16,99758.74,77958.92,3,21.8525,0.00039913,0.0010844,-0.00068527,0.00032513,7.4e-05
2018-03-19,99471.93,77958.92,3,21.6272,-0.0028751,-0.01353081,0.01065571,-0.00295683,8.173e-05
2018-03-20,99570.51,77958.92,3,21.7048,0.00099101,0.00170081,-0.0007098,0.00036784,0.00062317
2018-03-21,99482.72,88185.65,2,11.3558,-0.00088159,-0.00191901,0.00103742,-0.00041652,-0.00046507
2018-03-22,99231.59,88185.65,2,11.1315,-0.00252438,-0.02499764,0.02247326,-0.00283869,0.00031431
2018-03-23,99051.86,88185.65,2,10.9702,-0.00181121,-0.02131418,0.01950297,-0.00237258,0.00056138
2018-03-26,99124.32,99124.32,0,0.0,0.00073148,0.02735936,-0.02662788,0.00300138,-0.0022699
2018-03-27,99124.32,99124.32,0,0.0,0.0,-0.01701221,0.01701221,-0.0,0.0
2018-03-28,99124.32,99124.32,0,0.0,0.0,-0.00295475,0.00295475,-0.0,0.0
2018-03-29,99124.32,99124.32,0,0.0,0.0,0.01277752,-0.01277752,0.0,0.0
2018-04-02,99124.32,99124.32,0,0.0,0.0,-0.02158479,0.02158479,-0.0,0.0
2018-04-03,99157.61,90753.34,1,8.4757,0.00033586,0.01281709,-0.01248123,0.0,0.00033586
2018-04-04,99292.09,90753.34,1,8.5996,0.00135626,0.01069925,-0.00934299,0.00090683,0.00044942
2018-04-05,99322.41,80842.48,2,18.606,0.00030533,0.00789171,-0.00758638,0.00067866,-0.00037333
2018-04-06,99194.12,80842.48,2,18.5007,-0.00129168,-0.02228535,0.02099367,-0.00414641,0.00285473
2018-04-09,99207.31,80842.48,2,18.5116,0.000133,0.00492831,-0.0047953,0.00091177,-0.00077877
2018-04-10,99244.19,80842.48,2,18.5418,0.00037171,0.01590041,-0.0155287,0.00294341,-0.00257171
2018-04-11,99106.26,80842.48,2,18.4285,-0.00138975,-0.00524285,0.0038531,-0.00097212,-0.00041763
2018-04-12,99238.66,90742.45,1,8.5614,0.00133591,0.00822769,-0.00689178,0.00151624,-0.00018033
2018-04-13,99299.95,90742.45,1,8.6178,0.00061757,-0.00293307,0.00355064,-0.00025111,0.00086868
2018-04-16,99369.27,90742.45,1,8.6816,0.00069814,0.00822178,-0.00752364,0.00070854,-1.04e-05
2018-04-17,99745.69,80851.74,2,18.9421,0.00378813,0.01069812,-0.00690999,0.00092877,0.00285936
2018-04-18,99896.06,77251.78,3,22.6678,0.0015075,0.00074071,0.00076679,0.00014031,0.00136719
2018-04-19,99686.78,73687.3,4,26.0812,-0.00209499,-0.00554783,0.00345284,-0.00125757,-0.00083742
2018-04-20,99362.31,73687.3,4,25.8398,-0.00325492,-0.00847956,0.00522465,-0.00221157,-0.00104335
2018-04-23,99548.92,73687.3,4,25.9788,0.00187806,-0.00014979,0.00202785,-3.871e-05,0.00191677
2018-04-24,99116.79,73687.3,4,25.6561,-0.00434088,-0.01346739,0.00912651,-0.00349867,-0.00084222
2018-04-25,99314.33,69398.9,5,30.122,0.00199302,0.002472,-0.00047898,0.00063422,0.0013588
2018-04-26,99237.2,72694.9,4,26.7463,-0.00077655,0.0101653,-0.01094185,0.00306199,-0.00383854
2018-04-27,99470.33,69085.3,5,30.5468,0.00234917,0.00093895,0.00141022,0.00025113,0.00209803
2018-04-30,99421.47,69085.3,5,30.5127,-0.0004912,-0.00769053,0.00719932,-0.00234921,0.00185801
2018-05-01,99442.48,69085.3,5,30.5274,0.00021136,0.00177658,-0.00156522,0.00054208,-0.00033072
2018-05-02,98913.03,69085.3,5,30.1555,-0.00532419,-0.00671737,0.00139318,-0.00205064,-0.00327355
2018-05-03,98703.59,72428.6,4,26.6201,-0.00211744,-0.00220355,8.611e-05,-0.00066449,-0.00145295
2018-05-04,98729.87,72428.6,4,26.6396,0.00026627,0.01294634,-0.01268007,0.00344633,-0.00318006
2018-05-07,98643.96,76369.98,3,22.5802,-0.00087016,0.00338287,-0.00425303,0.00090118,-0.00177134
2018-05-08,98382.08,76369.98,3,22.3741,-0.00265485,0.0,-0.00265485,0.0,-0.00265485
2018-05-09,98321.46,76369.98,3,22.3262,-0.00061613,0.00966597,-0.0102821,0.00216267,-0.0027788
2018-05-10,98164.26,68830.64,4,29.8822,-0.00159884,0.00935074,-0.01094958,0.00208767,-0.00368651
2018-05-11,98311.58,68830.64,4,29.9873,0.0015007,0.00305134,-0.00155064,0.00091181,0.00058889
2018-05-14,98398.03,78453.97,3,20.2688,0.00087938,0.00047652,0.00040286,0.00014289,0.00073648
2018-05-15,98429.08,78453.97,3,20.2939,0.00031559,-0.00688708,0.00720266,-0.00139592,0.00171151
2018-05-16,98525.0,78453.97,3,20.3715,0.00097448,0.00420501,-0.00323053,0.00085336,0.00012112
2018-05-17,98509.66,78453.97,3,20.3591,-0.00015566,-0.00084473,0.00068907,-0.00017208,1.642e-05
2018-05-18,98535.94,78453.97,3,20.3804,0.00026677,-0.00250005,0.00276682,-0.00050899,0.00077576
2018-05-21,98629.29,78453.97,3,20.4557,0.00094737,0.00751895,-0.00657158,0.00153239,-0.00058501
2018-05-22,98451.47,78453.97,3,20.312,-0.0018029,-0.0027802,0.0009773,-0.00056871,-0.00123419
2018-05-23,98449.76,78453.97,3,20.3107,-1.745e-05,0.00275133,-0.00276877,0.00055885,-0.0005763
2018-05-24,98522.75,78453.97,3,20.3697,0.00074147,-0.00204901,0.00279048,-0.00041617,0.00115764
2018-05-25,98471.88,78453.97,3,20.3286,-0.00051638,-0.00238219,0.00186581,-0.00048524,-3.113e-05
2018-05-29,98436.41,78453.97,3,20.2998,-0.00036018,-0.01150165,0.01114148,-0.00233812,0.00197794
2018-05-30,98605.3,86041.05,2,12.742,0.00171572,0.01334516,-0.01162944,0.00270905,-0.00099333
2018-05-31,98389.47,86041.05,2,12.5505,-0.00218888,-0.00612608,0.00393721,-0.00078058,-0.0014083
2018-06-01,98423.2,86041.05,2,12.5805,0.00034286,0.00981776,-0.00947491,0.00123218,-0.00088933
2018-06-04,98600.6,86041.05,2,12.7378,0.00180241,0.00475127,-0.00294886,0.00059773,0.00120468
2018-06-05,98696.67,82537.38,3,16.3727,0.00097429,0.00072802,0.00024628,9.273e-05,0.00088156
2018-06-06,98755.07,82537.38,3,16.4221,0.00059177,0.00836032,-0.00776855,0.00136881,-0.00077704
2018-06-07,98729.35,82537.38,3,16.4004,-0.00026044,-0.00010797,-0.00015246,-1.773e-05,-0.0002427
2018-06-08,98815.83,82537.38,3,16.4735,0.00087589,0.00295607,-0.00208019,0.00048481,0.00039108
2018-06-11,99032.83,82537.38,3,16.6565,0.00219602,0.00133033,0.00086569,0.00021915,0.00197687
2018-06-12,99165.97,86063.44,2,13.2127,0.00134442,0.00129231,5.211e-05,0.00021525,0.00112917
2018-06-13,99097.5,82496.04,3,16.7527,-0.00069046,-0.00319102,0.00250056,-0.00042162,-0.00026884
2018-06-14,99121.53,82496.04,3,16.7728,0.00024248,0.00251774,-0.00227526,0.00042179,-0.00017931
2018-06-15,99239.1,82496.04,3,16.8714,0.00118615,-0.00127565,0.0024618,-0.00021396,0.00140011
2018-06-18,99213.0,82496.04,3,16.8496,-0.00026302,-0.00205694,0.00179391,-0.00034703,8.401e-05
2018-06-19,99048.21,82496.04,3,16.7112,-0.00166102,-0.0038328,0.00217178,-0.00064581,-0.00101521
2018-06-20,99022.98,82496.04,3,16.69,-0.00025466,0.00170588,-0.00196053,0.00028507,-0.00053973
2018-06-21,98906.77,82496.04,3,16.5921,-0.00117355,-0.00626919,0.00509564,-0.00104633,-0.00012722
2018-06-22,99019.76,82496.04,3,16.6873,0.00114237,0.00182368,-0.00068131,0.00030259,0.00083979
2018-06-25,98793.43,82496.04,3,16.4964,-0.00228571,-0.01361281,0.0113271,-0.00227161,-1.41e-05
2018-06-26,98765.19,82496.04,3,16.4726,-0.00028586,0.00221391,-0.00249976,0.00036522,-0.00065107
2018-06-27,98712.58,94789.46,1,3.9743,-0.00053265,-0.00828424,0.00775158,-0.00136463,0.00083197
2018-06-28,98464.79,94789.46,1,3.7326,-0.00251022,0.00571754,-0.00822776,0.00022723,-0.00273745
2018-06-29,98490.62,94789.46,1,3.7579,0.00026228,0.00143929,-0.00117701,5.372e-05,0.00020856
2018-07-02,98457.86,98457.86,0,0.0,-0.0003326,0.00213835,-0.00247095,8.036e-05,-0.00041296
2018-07-03,98457.86,98457.86,0,0.0,0.0,-0.00353138,0.00353138,-0.0,0.0
2018-07-05,98457.86,98457.86,0,0.0,0.0,0.00815805,-0.00815805,0.0,0.0
2018-07-06,98457.86,98457.86,0,0.0,0.0,0.00845803,-0.00845803,0.0,0.0
2018-07-09,98457.86,98457.86,0,0.0,0.0,0.00900428,-0.00900428,0.0,0.0
2018-07-10,98457.86,98457.86,0,0.0,0.0,0.00359851,-0.00359851,0.0,0.0
2018-07-11,98457.86,98457.86,0,0.0,0.0,-0.00731416,0.00731416,-0.0,0.0
2018-07-12,98457.86,98457.86,0,0.0,0.0,0.00906637,-0.00906637,0.0,0.0
2018-07-13,98457.86,98457.86,0,0.0,0.0,0.00078715,-0.00078715,0.0,0.0
2018-07-16,98457.86,98457.86,0,0.0,0.0,-0.00089439,0.00089439,-0.0,0.0
2018-07-17,98457.86,98457.86,0,0.0,0.0,0.00404534,-0.00404534,0.0,0.0
2018-07-18,98457.86,98457.86,0,0.0,0.0,0.00210332,-0.00210332,0.0,0.0
2018-07-19,98457.86,98457.86,0,0.0,0.0,-0.00377103,0.00377103,-0.0,0.0
2018-07-20,98457.86,98457.86,0,0.0,0.0,-0.00114318,0.00114318,-0.0,0.0
2018-07-23,98457.86,98457.86,0,0.0,0.0,0.00185969,-0.00185969,0.0,0.0
2018-07-24,98457.86,98457.86,0,0.0,0.0,0.00503178,-0.00503178,0.0,0.0
2018-07-25,98457.86,98457.86,0,0.0,0.0,0.0085228,-0.0085228,0.0,0.0
2018-07-26,98457.86,98457.86,0,0.0,0.0,-0.00235946,0.00235946,-0.0,0.0
2018-07-27,98457.86,98457.86,0,0.0,0.0,-0.00677621,0.00677621,-0.0,0.0
2018-07-30,98457.86,98457.86,0,0.0,0.0,-0.00522349,0.00522349,-0.0,0.0
2018-07-31,98457.86,98457.86,0,0.0,0.0,0.00492936,-0.00492936,0.0,0.0
2018-08-01,98457.86,98457.86,0,0.0,0.0,-0.00167052,0.00167052,-0.0,0.0
2018-08-02,98457.86,98457.86,0,0.0,0.0,0.00544784,-0.00544784,0.0,0.0
2018-08-03,98457.86,98457.86,0,0.0,0.0,0.00428442,-0.00428442,0.0,0.0
2018-08-06,98457.86,98457.86,0,0.0,0.0,0.00366756,-0.00366756,0.0,0.0
2018-08-07,98457.86,98457.86,0,0.0,0.0,0.0033022,-0.0033022,0.0,0.0
2018-08-08,98457.86,98457.86,0,0.0,0.0,-0.00042041,0.00042041,-0.0,0.0
2018-08-09,98457.86,98457.86,0,0.0,0.0,-0.00136583,0.00136583,-0.0,0.0
2018-08-10,98457.86,98457.86,0,0.0,0.0,-0.00670022,0.00670022,-0.0,0.0
2018-08-13,98457.86,98457.86,0,0.0,0.0,-0.00374386,0.00374386,-0.0,0.0
2018-08-14,98457.86,98457.86,0,0.0,0.0,0.0063812,-0.0063812,0.0,0.0
2018-08-15,98457.86,98457.86,0,0.0,0.0,-0.00746741,0.00746741,-0.0,0.0
2018-08-16,98457.86,98457.86,0,0.0,0.0,0.00809117,-0.00809117,0.0,0.0
2018-08-17,98457.86,98457.86,0,0.0,0.0,0.00352007,-0.00352007,0.0,0.0
2018-08-20,98457.86,98457.86,0,0.0,0.0,0.00214037,-0.00214037,0.0,0.0
2018-08-21,98457.86,98457.86,0,0.0,0.0,0.00234575,-0.00234575,0.0,0.0
2018-08-22,98457.86,98457.86,0,0.0,0.0,-0.00059404,0.00059404,-0.0,0.0
2018-08-23,98457.86,98457.86,0,0.0,0.0,-0.0013281,0.0013281,-0.0,0.0
2018-08-24,98457.86,98457.86,0,0.0,0.0,0.00601821,-0.00601821,0.0,0.0
2018-08-27,98457.86,98457.86,0,0.0,0.0,0.00789535,-0.00789535,0.0,0.0
2018-08-28,98457.86,98457.86,0,0.0,0.0,0.00048331,-0.00048331,0.0,0.0
2018-08-29,98457.86,98457.86,0,0.0,0.0,0.00538083,-0.00538083,0.0,0.0
2018-08-30,98457.86,98457.86,0,0.0,0.0,-0.00404813,0.00404813,-0.0,0.0
2018-08-31,98457.86,98457.86,0,0.0,0.0,3.424e-05,-3.424e-05,0.0,0.0
2018-09-04,98457.86,98457.86,0,0.0,0.0,-0.00172234,0.00172234,-0.0,0.0
2018-09-05,98457.86,98457.86,0,0.0,0.0,-0.00269105,0.00269105,-0.0,0.0
2018-09-06,98457.86,98457.86,0,0.0,0.0,-0.00301054,0.00301054,-0.0,0.0
2018-09-07,98457.86,98457.86,0,0.0,0.0,-0.00194332,0.00194332,-0.0,0.0
2018-09-10,98457.86,98457.86,0,0.0,0.0,0.00173857,-0.00173857,0.0,0.0
2018-09-11,98457.86,98457.86,0,0.0,0.0,0.00329743,-0.00329743,0.0,0.0
2018-09-12,98457.86,98457.86,0,0.0,0.0,0.00024226,-0.00024226,0.0,0.0
2018-09-13,98457.86,98457.86,0,0.0,0.0,0.00591451,-0.00591451,0.0,0.0
2018-09-14,98457.86,98457.86,0,0.0,0.0,0.00017204,-0.00017204,0.0,0.0
2018-09-17,98457.86,98457.86,0,0.0,0.0,-0.00529435,0.00529435,-0.0,0.0
2018-09-18,98457.86,98457.86,0,0.0,0.0,0.00542636,-0.00542636,0.0,0.0
2018-09-19,98457.86,98457.86,0,0.0,0.0,0.00106575,-0.00106575,0.0,0.0
2018-09-20,98457.86,98457.86,0,0.0,0.0,0.00810309,-0.00810309,0.0,0.0
2018-09-21,98457.86,98457.86,0,0.0,0.0,-0.00091294,0.00091294,-0.0,0.0
2018-09-24,98457.86,98457.86,0,0.0,0.0,-0.0033224,0.0033224,-0.0,0.0
2018-09-25,98457.86,98457.86,0,0.0,0.0,-0.00092725,0.00092725,-0.0,0.0
2018-09-26,98457.86,98457.86,0,0.0,0.0,-0.00299278,0.00299278,-0.0,0.0
2018-09-27,98457.86,98457.86,0,0.0,0.0,0.00279425,-0.00279425,0.0,0.0
2018-09-28,98457.86,98457.86,0,0.0,0.0,0.00010327,-0.00010327,0.0,0.0
2018-10-01,98457.86,98457.86,0,0.0,0.0,0.0034746,-0.0034746,0.0,0.0
2018-10-02,98457.86,98457.86,0,0.0,0.0,-0.00058313,0.00058313,-0.0,0.0
2018-10-03,98457.86,98457.86,0,0.0,0.0,0.00054877,-0.00054877,0.0,0.0
2018-10-04,98457.86,98457.86,0,0.0,0.0,-0.00781571,0.00781571,-0.0,0.0
2018-10-05,98457.86,98457.86,0,0.0,0.0,-0.00559699,0.00559699,-0.0,0.0
2018-10-08,98457.86,98457.86,0,0.0,0.0,0.0,0.0,0.0,0.0
2018-10-09,98457.86,98457.86,0,0.0,0.0,-0.00145908,0.00145908,-0.0,0.0
2018-10-10,98457.86,98457.86,0,0.0,0.0,-0.03166352,0.03166352,-0.0,0.0
2018-10-11,98457.86,98457.86,0,0.0,0.0,-0.02202645,0.02202645,-0.0,0.0
2018-10-12,98457.86,98457.86,0,0.0,0.0,0.01388846,-0.01388846,0.0,0.0
2018-10-15,98457.86,98457.86,0,0.0,0.0,-0.00561717,0.00561717,-0.0,0.0
2018-10-16,98457.86,98457.86,0,0.0,0.0,0.02186583,-0.02186583,0.0,0.0
2018-10-17,98457.86,98457.86,0,0.0,0.0,0.00017844,-0.00017844,0.0,0.0
2018-10-18,98457.86,98457.86,0,0.0,0.0,-0.01444102,0.01444102,-0.0,0.0
2018-10-19,98457.86,98457.86,0,0.0,0.0,-0.00054266,0.00054266,-0.0,0.0
2018-10-22,98457.86,98457.86,0,0.0,0.0,-0.00448894,0.00448894,-0.0,0.0
2018-10-23,98457.86,98457.86,0,0.0,0.0,-0.00509056,0.00509056,-0.0,0.0
2018-10-24,98457.86,98457.86,0,0.0,0.0,-0.03029856,0.03029856,-0.0,0.0
2018-10-25,98457.86,98457.86,0,0.0,0.0,0.0179407,-0.0179407,0.0,0.0
2018-10-26,98457.86,98457.86,0,0.0,0.0,-0.01758745,0.01758745,-0.0,0.0
2018-10-29,98457.86,98457.86,0,0.0,0.0,-0.00553986,0.00553986,-0.0,0.0
2018-10-30,98457.86,98457.86,0,0.0,0.0,0.01481846,-0.01481846,0.0,0.0
2018-10-31,98457.86,98457.86,0,0.0,0.0,0.0106802,-0.0106802,0.0,0.0
2018-11-01,98457.86,98457.86,0,0.0,0.0,0.01064212,-0.01064212,0.0,0.0
2018-11-02,98457.86,98457.86,0,0.0,0.0,-0.00592298,0.00592298,-0.0,0.0
2018-11-05,98457.86,98457.86,0,0.0,0.0,0.00551702,-0.00551702,0.0,0.0
2018-11-06,98457.86,98457.86,0,0.0,0.0,0.00632821,-0.00632821,0.0,0.0
2018-11-07,98457.86,98457.86,0,0.0,0.0,0.02140849,-0.02140849,0.0,0.0
2018-11-08,98457.86,98457.86,0,0.0,0.0,-0.00181493,0.00181493,-0.0,0.0
2018-11-09,98457.86,98457.86,0,0.0,0.0,-0.0097682,0.0097682,-0.0,0.0
2018-11-12,98457.86,98457.86,0,0.0,0.0,-0.01868514,0.01868514,-0.0,0.0
2018-11-13,98457.86,98457.86,0,0.0,0.0,-0.00187155,0.00187155,-0.0,0.0
2018-11-14,98457.86,98457.86,0,0.0,0.0,-0.00683649,0.00683649,-0.0,0.0
2018-11-15,98457.86,98457.86,0,0.0,0.0,0.01043684,-0.01043684,0.0,0.0
2018-11-16,98457.86,98457.86,0,0.0,0.0,0.00260069,-0.00260069,0.0,0.0
2018-11-19,98457.86,98457.86,0,0.0,0.0,-0.01691465,0.01691465,-0.0,0.0
2018-11-20,98457.86,98457.86,0,0.0,0.0,-0.01850637,0.01850637,-0.0,0.0
2018-11-21,98457.86,98457.86,0,0.0,0.0,0.00340777,-0.00340777,0.0,0.0
2018-11-23,98457.86,98457.86,0,0.0,0.0,-0.00667868,0.00667868,-0.0,0.0
2018-11-26,98457.86,98457.86,0,0.0,0.0,0.01614396,-0.01614396,0.0,0.0
2018-11-27,98457.86,98457.86,0,0.0,0.0,0.00336513,-0.00336513,0.0,0.0
2018-11-28,98457.86,98457.86,0,0.0,0.0,0.02302488,-0.02302488,0.0,0.0
2018-11-29,98457.86,98457.86,0,0.0,0.0,-0.00218503,0.00218503,-0.0,0.0
2018-11-30,98457.86,98457.86,0,0.0,0.0,0.00609544,-0.00609544,0.0,0.0
2018-12-03,98457.86,98457.86,0,0.0,0.0,0.01324119,-0.01324119,0.0,0.0
2018-12-04,98457.86,98457.86,0,0.0,0.0,-0.03240226,0.03240226,-0.0,0.0
2018-12-06,98457.86,98457.86,0,0.0,0.0,-0.00151733,0.00151733,-0.0,0.0
2018-12-07,98457.86,98457.86,0,0.0,0.0,-0.0232362,0.0232362,-0.0,0.0
2018-12-10,98457.86,98457.86,0,0.0,0.0,0.00189749,-0.00189749,0.0,0.0
2018-12-11,98457.86,98457.86,0,0.0,0.0,0.00022694,-0.00022694,0.0,0.0
2018-12-12,98457.86,98457.86,0,0.0,0.0,0.0050359,-0.0050359,0.0,0.0
2018-12-13,98457.86,98457.86,0,0.0,0.0,-0.00033927,0.00033927,-0.0,0.0
2018-12-14,98457.86,98457.86,0,0.0,0.0,-0.01846482,0.01846482,-0.0,0.0
2018-12-17,98457.86,98457.86,0,0.0,0.0,-0.01961854,0.01961854,-0.0,0.0
2018-12-18,98457.86,98457.86,0,0.0,0.0,-0.00109637,0.00109637,-0.0,0.0
2018-12-19,98457.86,98457.86,0,0.0,0.0,-0.01497589,0.01497589,-0.0,0.0
2018-12-20,98457.86,98457.86,0,0.0,0.0,-0.01627756,0.01627756,-0.0,0.0
2018-12-21,98457.86,98457.86,0,0.0,0.0,-0.02048951,0.02048951,-0.0,0.0
2018-12-24,98457.86,98457.86,0,0.0,0.0,-0.02642326,0.02642326,-0.0,0.0
2018-12-26,98457.86,98457.86,0,0.0,0.0,0.05052477,-0.05052477,0.0,0.0
2018-12-27,98457.86,98457.86,0,0.0,0.0,0.00767751,-0.00767751,0.0,0.0
2018-12-28,98457.86,98457.86,0,0.0,0.0,-0.00128966,0.00128966,-0.0,0.0
2018-12-31,98457.86,98457.86,0,0.0,0.0,0.00875866,-0.00875866,0.0,0.0
