cash,date,equity,excess_return,exposure_matched_excess_return,exposure_matched_spy_return,gross_exposure_pct,portfolio_return,positions,spy_return
96421.98,2016-10-14,99985.86,-0.00014137,-0.00014137,0.0,3.5644,-0.00014137,1,0.0
96421.98,2016-10-17,99943.17,0.00304509,-0.00030323,-0.00012376,3.5232,-0.00042699,1,-0.00347208
96421.98,2016-10-18,99986.79,-0.00582631,0.00021576,0.00022065,3.5653,0.00043641,1,0.00626272
96421.98,2016-10-19,99998.72,-0.00254738,2.424e-05,9.507e-05,3.5768,0.00011932,1,0.00266669
96421.98,2016-10-20,100006.98,0.00194911,0.00014941,-6.676e-05,3.5847,8.265e-05,1,-0.00186646
96421.98,2016-10-21,99978.52,-0.00075207,-0.00030134,1.676e-05,3.5573,-0.00028458,1,0.00046749
96421.98,2016-10-24,100025.35,-0.00378457,0.00031707,0.00015129,3.6025,0.00046836,1,0.00425292
96421.98,2016-10-25,100006.52,0.00316231,-6.752e-05,-0.0001207,3.5843,-0.00018822,1,-0.00335053
96421.98,2016-10-26,99981.73,0.00175971,-0.00017592,-7.196e-05,3.5604,-0.00024788,1,-0.00200759
96421.98,2016-10-27,99968.88,0.00253831,-3.361e-05,-9.495e-05,3.548,-0.00012856,1,-0.00266687
96421.98,2016-10-28,99898.18,0.00224845,-0.00060232,-0.00010487,3.4797,-0.00070719,1,-0.00295564
96421.98,2016-10-31,99954.19,0.00051339,0.00055901,1.64e-06,3.5338,0.00056065,1,4.726e-05
96421.98,2016-11-01,99902.31,0.0067268,-0.00026294,-0.00025605,3.4837,-0.00051899,1,-0.0072458
96421.98,2016-11-02,99866.51,0.00565988,-0.00014876,-0.00020966,3.4491,-0.00035842,1,-0.0060183
96421.98,2016-11-03,99849.98,0.00441173,-7.65e-06,-0.00015788,3.4331,-0.00016552,1,-0.00457725
96421.98,2016-11-04,99868.34,0.00128553,0.00022175,-3.782e-05,3.4509,0.00018393,1,-0.0011016
96421.98,2016-11-07,99967.96,-0.02105937,0.00023634,0.00076116,3.5471,0.0009975,1,0.02205687
96421.98,2016-11-08,99972.09,-0.00446324,-0.00011844,0.00015978,3.5511,4.134e-05,1,0.00450458
96421.98,2016-11-09,99987.24,-0.01045002,-0.00022492,0.00037647,3.5657,0.00015155,1,0.01060157
92854.37,2016-11-10,99852.19,-0.00384574,-0.00143965,8.897e-05,7.0082,-0.00135068,2,0.00249506
92854.37,2016-11-11,99801.36,0.00179558,-0.00034759,-0.00016152,6.9608,-0.00050911,2,-0.00230469
92854.37,2016-11-14,99669.26,-0.00210945,-0.00137831,5.47e-05,6.8375,-0.00132361,2,0.00078584
92854.37,2016-11-15,99766.66,-0.00682533,0.00044374,0.0005335,6.9285,0.00097724,2,0.00780257
92854.37,2016-11-16,99816.16,0.00237443,0.00062629,-0.00013014,6.9746,0.00049615,2,-0.00187828
92854.37,2016-11-17,99955.96,-0.00374031,0.00104208,0.00035856,7.1047,0.00140064,2,0.00514095
92854.37,2016-11-18,99927.64,0.0019547,-0.00012438,-0.00015901,7.0784,-0.00028339,2,-0.00223809
92854.37,2016-11-21,99988.12,-0.00694677,7.073e-05,0.00053457,7.1346,0.0006053,2,0.00755207
92854.37,2016-11-22,99974.56,-0.00208868,-0.00027497,0.00013934,7.122,-0.00013562,2,0.00195305
92854.37,2016-11-23,99921.41,-0.0010755,-0.00057039,3.873e-05,7.0726,-0.00053166,2,0.00054384
92854.37,2016-11-25,99923.48,-0.00369464,-0.00024204,0.00026277,7.0745,2.073e-05,2,0.00371537
92854.37,2016-11-28,99889.61,0.00435602,-6.87e-06,-0.00033215,7.043,-0.00033902,2,-0.00469504
92854.37,2016-11-29,99842.14,-0.00242582,-0.00061254,0.00013739,6.9988,-0.00047516,2,0.00195066
92854.37,2016-11-30,99813.39,0.00211149,-0.00012005,-0.00016794,6.972,-0.00028798,2,-0.00239948
96159.34,2016-12-01,99521.41,0.00074998,-0.00266897,-0.00025624,3.3782,-0.00292521,1,-0.00367518
96159.34,2016-12-02,99555.22,-0.0001614,0.00032279,1.693e-05,3.4111,0.00033972,1,0.00050112
96159.34,2016-12-05,99603.33,-0.00552564,0.00027828,0.00020497,3.4577,0.00048325,1,0.00600888
96159.34,2016-12-06,99618.5,-0.00301472,4.277e-05,0.00010951,3.4724,0.00015227,1,0.00316699
96159.34,2016-12-07,99633.67,-0.01292878,-0.00030194,0.00045423,3.4871,0.00015229,1,0.01308108
96159.34,2016-12-08,99696.52,-0.00181766,0.00054543,8.538e-05,3.5479,0.00063081,1,0.00244847
96159.34,2016-12-09,99719.06,-0.00581479,1.173e-05,0.00021433,3.5697,0.00022605,1,0.00604084
96159.34,2016-12-12,99606.36,1.832e-05,-0.00108911,-4.1e-05,3.4606,-0.0011301,1,-0.00114842
96159.34,2016-12-13,99623.27,-0.00650414,-6.124e-05,0.00023096,3.477,0.00016972,1,0.00667385
96159.34,2016-12-14,99588.6,0.00790577,-6.104e-05,-0.00028699,3.4434,-0.00034803,1,-0.0082538
96159.34,2016-12-15,99581.66,-0.00418697,-0.00021145,0.00014178,3.4367,-6.967e-05,1,0.00411729
96159.34,2016-12-16,99535.72,0.00149463,-0.00039411,-6.722e-05,3.3921,-0.00046133,1,-0.00195596
96159.34,2016-12-19,99543.96,-0.0020948,8.89e-06,7.387e-05,3.4001,8.275e-05,1,0.00217755
96159.34,2016-12-20,99599.0,-0.00330456,0.0004218,0.00013116,3.4535,0.00055296,1,0.00385752
96159.34,2016-12-21,99535.72,0.00214716,-0.00053926,-9.609e-05,3.3921,-0.00063536,1,-0.00278252
96159.34,2016-12-22,99477.64,0.00114415,-0.0005249,-5.86e-05,3.3357,-0.00058351,1,-0.00172766
92576.31,2016-12-23,99500.81,-0.00123137,0.00018407,4.884e-05,6.9592,0.00023291,2,0.00146428
92576.31,2016-12-27,99509.17,-0.00239724,-8.861e-05,0.00017268,6.9671,8.407e-05,2,0.00248131
92576.31,2016-12-28,99477.14,0.00794316,0.00025389,-0.00057584,6.9371,-0.00032195,2,-0.00826511
92576.31,2016-12-29,99430.53,-0.00024596,-0.00045304,-1.544e-05,6.8935,-0.00046848,2,-0.00022252
95855.23,2016-12-30,99401.68,0.00336451,-3.828e-05,-0.00025194,3.5678,-0.00029022,1,-0.00365473
95855.23,2017-01-03,99435.15,-0.00731276,6.385e-05,0.00027292,3.6003,0.00033676,1,0.00764953
95855.23,2017-01-04,99494.57,-0.00535189,0.00038335,0.00021419,3.6578,0.00059754,1,0.00594943
95855.23,2017-01-05,99508.71,0.00093653,0.00017122,-2.906e-05,3.6715,0.00014216,1,-0.00079437
95855.23,2017-01-06,99509.65,-0.00356806,-0.00012188,0.00013135,3.6724,9.47e-06,1,0.00357753
95855.23,2017-01-09,99467.69,0.00287884,-0.0003005,-0.00012121,3.6318,-0.00042171,1,-0.00330055
95855.23,2017-01-10,99501.64,0.00034131,0.00034131,0.0,3.6647,0.00034131,1,0.0
95855.23,2017-01-11,99583.69,-0.00200128,0.00072105,0.00010356,3.744,0.0008246,1,0.00282588
95855.23,2017-01-12,99548.32,0.00215445,-0.00026118,-9.396e-05,3.7098,-0.00035514,1,-0.00250959
95855.23,2017-01-13,99528.05,-0.00249913,-0.00028881,8.516e-05,3.6902,-0.00020365,1,0.00229548
95855.23,2017-01-17,99483.25,0.00307371,-0.00032007,-0.00013004,3.6469,-0.0004501,1,-0.00352381
95855.23,2017-01-18,99495.04,-0.00209152,3.793e-05,8.06e-05,3.6583,0.00011852,1,0.00221004
95855.23,2017-01-19,99439.87,0.00314961,-0.00041901,-0.00013551,3.6048,-0.00055452,1,-0.00370413
95855.23,2017-01-20,99473.82,-0.00333229,0.00020898,0.00013243,3.6377,0.00034141,1,0.0036737
95855.23,2017-01-23,99475.24,0.00261642,0.0001089,-9.466e-05,3.6391,1.424e-05,1,-0.00260217
95855.23,2017-01-24,99543.61,-0.00572441,0.00045401,0.00023333,3.7053,0.00068734,1,0.00641175
95855.23,2017-01-25,99598.78,-0.00810141,0.00023347,0.00032071,3.7586,0.00055418,1,0.00865559
95855.23,2017-01-26,99641.21,0.00147163,0.00046539,-3.93e-05,3.7996,0.00042609,1,-0.00104554
95855.23,2017-01-27,99519.09,0.00034401,-0.00116604,-5.964e-05,3.6816,-0.00122568,1,-0.0015697
95855.23,2017-01-30,99515.32,0.00616355,0.00019043,-0.00022831,3.6779,-3.788e-05,1,-0.00620143
95855.23,2017-01-31,99509.65,3.139e-05,-5.364e-05,-3.25e-06,3.6724,-5.689e-05,1,-8.828e-05
95855.23,2017-02-01,99547.38,-1.641e-05,0.00036459,1.453e-05,3.7089,0.00037912,1,0.00039553
95855.23,2017-02-02,99515.32,-0.00098123,-0.00034655,2.445e-05,3.6779,-0.0003221,1,0.00065912
95855.23,2017-02-03,99528.52,-0.00676014,-0.00012085,0.00025351,3.6907,0.00013266,1,0.00689279
95855.23,2017-02-06,99554.45,0.00204844,0.00032656,-6.598e-05,3.7158,0.00026058,1,-0.00178786
95855.23,2017-02-07,99518.62,-0.00040408,-0.00036159,1.64e-06,3.6811,-0.00035995,1,4.413e-05
95855.23,2017-02-08,99526.16,-0.00123431,2.76e-05,4.823e-05,3.6884,7.583e-05,1,0.00131014
95855.23,2017-02-09,99555.87,-0.00563428,7.964e-05,0.00021882,3.7171,0.00029846,1,0.00593275
95855.23,2017-02-10,99597.37,-0.00352913,0.00027013,0.00014668,3.7573,0.00041681,1,0.00394594
95855.23,2017-02-13,99630.37,-0.00511131,0.00012691,0.0002045,3.7891,0.0003314,1,0.00544271
95855.23,2017-02-14,99654.89,-0.00374937,9.47e-05,0.00015139,3.8128,0.00024609,1,0.00399546
95855.23,2017-02-15,99669.03,-0.00507835,-5.711e-05,0.00019904,3.8265,0.00014193,1,0.00522028
95855.23,2017-02-16,99655.83,0.00071923,-9.986e-05,-3.259e-05,3.8137,-0.00013245,1,-0.00085169
95855.23,2017-02-17,99639.33,-0.0017423,-0.00022574,6.013e-05,3.7978,-0.0001656,1,0.00157669
95855.23,2017-02-21,99671.39,-0.00563323,9.565e-05,0.00022616,3.8287,0.00032181,1,0.00595503
95855.23,2017-02-22,99649.24,0.00066595,-0.00018831,-3.401e-05,3.8074,-0.00022232,1,-0.00088826
95855.23,2017-02-23,99634.14,-0.00082918,-0.00017726,2.58e-05,3.7928,-0.00015146,1,0.00067772
95855.23,2017-02-24,99635.09,-0.00125912,-3.866e-05,4.811e-05,3.7937,9.46e-06,1,0.00126858
88667.93,2017-02-27,99674.28,-0.00116938,0.00033408,5.929e-05,11.0423,0.00039336,3,0.00156275
88667.93,2017-02-28,99576.02,0.00171316,-0.00068777,-0.00029803,10.9545,-0.0009858,3,-0.00269896
85045.26,2017-03-01,99738.03,-0.01237079,9.363e-05,0.00153339,14.7314,0.00162702,4,0.01399781
85045.26,2017-03-02,99556.04,0.00447296,-0.00089697,-0.00092773,14.5755,-0.0018247,4,-0.00629766
85045.26,2017-03-03,99643.27,0.00024652,0.00078441,9.178e-05,14.6503,0.00087618,4,0.00062966
85045.26,2017-03-06,99559.66,0.00213922,-0.00040275,-0.00043633,14.5786,-0.00083908,4,-0.0029783
85045.26,2017-03-07,99463.02,0.00201601,-0.00053528,-0.00043542,14.4956,-0.0009707,4,-0.00298671
85045.26,2017-03-08,99470.06,0.00192732,0.00033994,-0.00026911,14.5017,7.084e-05,4,-0.00185648
85045.26,2017-03-09,99437.34,-0.00159744,-0.00051296,0.00018394,14.4735,-0.00032901,4,0.00126843
85045.26,2017-03-10,99661.91,-0.00124537,0.00175136,0.00050713,14.6662,0.00225849,4,0.00350386
85045.26,2017-03-13,99678.43,-0.00033947,9.16e-05,7.409e-05,14.6804,0.00016569,4,0.00050516
85045.26,2017-03-14,99649.75,0.00353912,0.00027411,-0.00056179,14.6558,-0.00028768,4,-0.00382679
85045.26,2017-03-15,99815.45,-0.00699068,0.0003946,0.00126825,14.7975,0.00166285,4,0.00865353
85045.26,2017-03-16,99783.87,0.00165081,-2.53e-05,-0.0002911,14.7705,-0.00031639,4,-0.0019672
85045.26,2017-03-17,99735.74,0.00127344,-0.00022307,-0.00025935,14.7294,-0.00048242,4,-0.00175586
85045.26,2017-03-20,99708.64,0.00082531,-0.00011013,-0.00016158,14.7062,-0.00027171,4,-0.00109702
85045.26,2017-03-21,99400.16,0.0097456,-0.00120557,-0.00188818,14.4415,-0.00309376,4,-0.01283936
85045.26,2017-03-22,99507.74,-0.00127085,0.00074247,0.00033983,14.534,0.0010823,4,0.00235314
88734.88,2017-03-23,99500.16,0.00099071,7.882e-05,-0.00015507,10.8194,-7.625e-05,3,-0.00106697
88734.88,2017-03-24,99531.83,0.00104502,0.00039692,-7.863e-05,10.8477,0.00031829,3,-0.00072673
88734.88,2017-03-27,99565.83,0.00136747,0.00045288,-0.00011128,10.8782,0.0003416,3,-0.00102587
88734.88,2017-03-28,99639.56,-0.00653604,-5.104e-05,0.00079156,10.9441,0.00074052,3,0.00727655
88734.88,2017-03-29,99650.67,-0.000823,9.23e-06,0.00010227,10.9541,0.0001115,3,0.0009345
88734.88,2017-03-30,99772.88,-0.00195788,0.00087758,0.00034881,11.0631,0.00122638,3,0.00318426
88734.88,2017-03-31,99723.91,0.00183684,-0.0002333,-0.00025751,11.0195,-0.00049081,3,-0.00232765
88734.88,2017-04-03,99578.87,0.00028473,-0.00126277,-0.00019164,10.8899,-0.00145442,3,-0.00173914
88734.88,2017-04-04,99578.27,-0.00064374,-7.547e-05,6.945e-05,10.8893,-6.03e-06,3,0.00063772
88734.88,2017-04-05,99559.93,0.00278879,0.00013956,-0.00032374,10.8729,-0.00018418,3,-0.00297297
88734.88,2017-04-06,99658.62,-0.00182018,0.00068558,0.00030569,10.9612,0.00099126,3,0.00281144
88734.88,2017-04-07,99768.55,0.00212254,0.00121481,-0.00011175,11.0593,0.00110307,3,-0.00101948
88734.88,2017-04-10,99772.26,-0.00055762,-2.86e-05,6.578e-05,11.0626,3.719e-05,3,0.00059481
88734.88,2017-04-11,99752.73,0.00099366,-6.417e-05,-0.00013158,11.0452,-0.00019575,3,-0.0011894
88734.88,2017-04-12,99622.71,0.00307816,-0.00081947,-0.00048395,10.9291,-0.00130342,3,-0.00438159
88734.88,2017-04-13,99608.24,0.00634984,0.0005646,-0.00070985,10.9161,-0.00014525,3,-0.00649508
88734.88,2017-04-17,99715.47,-0.00778326,0.00010937,0.00096714,11.0119,0.00107652,3,0.00885978
88734.88,2017-04-18,99728.77,0.00311788,0.00046203,-0.00032865,11.0238,0.00013338,3,-0.0029845
88734.88,2017-04-19,99749.12,0.00204263,0.00040673,-0.00020268,11.0419,0.00020405,3,-0.00183858
88734.88,2017-04-20,99867.09,-0.00695634,0.00028396,0.0008987,11.147,0.00118267,3,0.00813901
88734.88,2017-04-21,99728.92,0.00180294,-0.00102834,-0.0003552,11.0239,-0.00138354,3,-0.00318648
88734.88,2017-04-24,99794.52,-0.01033981,-0.00055458,0.00121237,11.0824,0.00065778,3,0.0109976
88734.88,2017-04-25,99830.04,-0.00546281,-0.00028893,0.00064486,11.114,0.00035593,3,0.00581874
88734.88,2017-04-26,99883.23,0.00116143,0.00060267,-6.987e-05,11.1614,0.00053281,3,-0.00062862
92064.4,2017-04-27,99566.72,-0.00400773,-0.00326236,9.365e-05,7.535,-0.00316872,2,0.00083901
92064.4,2017-04-28,99396.74,0.00047241,-0.00154296,-0.00016423,7.3768,-0.0017072,2,-0.00217961
92064.4,2017-05-01,99451.2,-0.00197252,0.00036198,0.00018593,7.4276,0.00054791,2,0.00252043
92064.4,2017-05-02,99506.43,0.00017848,0.00052736,2.799e-05,7.4789,0.00055535,2,0.00037687
92064.4,2017-05-03,99513.78,0.00128831,0.00016469,-9.083e-05,7.4858,7.386e-05,2,-0.00121444
92064.4,2017-05-04,99482.21,-0.00149098,-0.00040511,8.786e-05,7.4564,-0.00031724,2,0.00117374
92064.4,2017-05-05,99518.11,-0.00357656,6.728e-05,0.00029359,7.4898,0.00036087,2,0.00393743
92064.4,2017-05-08,99477.52,-0.00024097,-0.00039537,-1.25e-05,7.4521,-0.00040787,2,-0.00016689
92064.4,2017-05-09,99531.45,0.0014602,0.00061055,-6.841e-05,7.5022,0.00054213,2,-0.00091806
92064.4,2017-05-10,99564.17,-0.00146707,0.00019402,0.00013472,7.5326,0.00032874,2,0.00179581
92064.4,2017-05-11,99582.31,0.00222494,0.00033607,-0.00015387,7.5494,0.00018219,2,-0.00204275
92064.4,2017-05-12,99593.75,0.00178604,0.00024104,-0.00012616,7.5601,0.00011488,2,-0.00167116
92064.4,2017-05-15,99767.89,-0.00377507,0.00133092,0.00041759,7.7214,0.0017485,2,0.00552358
92064.4,2017-05-16,99919.05,0.00243074,0.00158582,-7.07e-05,7.861,0.00151512,2,-0.00091562
92064.4,2017-05-17,99778.73,0.0163397,-9.48e-06,-0.00139486,7.7314,-0.00140434,2,-0.01774404
92064.4,2017-05-18,100015.76,-0.00165312,0.00206408,0.00031147,7.9501,0.00237556,2,0.00402868
92064.4,2017-05-19,99964.98,-0.00701163,-0.00102479,0.00051707,7.9033,-0.00050772,2,0.00650391
92064.4,2017-05-22,100114.4,-0.00358299,0.00109341,0.00040131,8.0408,0.00149472,2,0.00507772
96663.0,2017-05-23,100117.17,-0.00218515,-0.00015032,0.00017792,3.4501,2.76e-05,1,0.00221275
96663.0,2017-05-24,100062.6,-0.00287764,-0.0006255,8.048e-05,3.3975,-0.00054503,1,0.00233261
96663.0,2017-05-25,100094.29,-0.00446306,0.00015434,0.00016239,3.4281,0.00031673,1,0.00477978
96663.0,2017-05-26,100067.83,-5.728e-05,-0.00025726,-7.1e-06,3.4025,-0.00026436,1,-0.00020708
96663.0,2017-05-30,100058.55,0.00077588,-6.323e-05,-2.956e-05,3.3936,-9.279e-05,1,-0.00086866
96663.0,2017-05-31,100019.31,-0.0001437,-0.00038374,-8.43e-06,3.3557,-0.00039217,1,-0.00024847
96663.0,2017-06-01,100077.12,-0.00737417,0.00031115,0.00026685,3.4115,0.000578,1,0.00795217
96663.0,2017-06-02,100056.0,-0.00353952,-0.00032456,0.00011355,3.3911,-0.00021101,1,0.00332852
96663.0,2017-06-05,100072.93,0.00090641,0.00019414,-2.5e-05,3.4074,0.00016914,1,-0.00073727
96663.0,2017-06-06,100042.82,0.00289591,-0.00019188,-0.00010893,3.3784,-0.0003008,1,-0.00319672
96663.0,2017-06-07,100070.68,-0.00157177,0.00021593,6.251e-05,3.4053,0.00027844,1,0.00185021
96663.0,2017-06-08,100139.27,0.00019291,0.00066868,1.677e-05,3.4714,0.00068545,1,0.00049254
96663.0,2017-06-09,100179.86,0.00192301,0.00045801,-5.269e-05,3.5105,0.00040532,1,-0.00151769
96663.0,2017-06-12,100139.27,-0.00019949,-0.00039794,-7.22e-06,3.4714,-0.00040516,1,-0.00020567
96663.0,2017-06-13,100191.24,-0.00437117,0.00034923,0.00016976,3.5215,0.00051899,1,0.00489016
96663.0,2017-06-14,100121.45,0.00057093,-0.00065197,-4.464e-05,3.4543,-0.0006966,1,-0.00126753
96663.0,2017-06-15,100098.98,0.00170039,-0.0001579,-6.649e-05,3.4326,-0.00022438,1,-0.00192478
96663.0,2017-06-16,100112.61,-8.248e-05,0.00012866,7.51e-06,3.4457,0.00013617,1,0.00021865
96663.0,2017-06-19,100133.58,-0.0081155,-7.743e-05,0.00028686,3.466,0.00020943,1,0.00832492
96663.0,2017-06-20,100094.79,0.00635641,-0.00015363,-0.00023374,3.4285,-0.00038737,1,-0.00674378
96663.0,2017-06-21,100064.09,-5.958e-05,-0.00029826,-8.47e-06,3.3989,-0.00030673,1,-0.00024715
96663.0,2017-06-22,100053.61,0.00034797,-8.939e-05,-1.539e-05,3.3888,-0.00010478,1,-0.00045275
96663.0,2017-06-23,100081.76,-0.00091304,0.00024094,4.048e-05,3.416,0.00028142,1,0.00119445
96663.0,2017-06-26,100141.07,-6.521e-05,0.00057012,2.247e-05,3.4732,0.00059259,1,0.0006578
96663.0,2017-06-27,100037.13,0.00701789,-0.00075814,-0.00027979,3.3729,-0.00103793,1,-0.00805582
96663.0,2017-06-28,100067.24,-0.00864939,-9.4e-07,0.00030188,3.402,0.00030094,1,0.00895034
96663.0,2017-06-29,99978.57,0.00790315,-0.00058704,-0.000299,3.3163,-0.00088604,1,-0.00878919
96663.0,2017-06-30,99996.54,-0.00168473,0.00011792,6.183e-05,3.3337,0.00017975,1,0.00186448
96663.0,2017-07-03,100008.22,-0.00157907,6.028e-05,5.654e-05,3.345,0.00011682,1,0.00169589
96663.0,2017-07-05,100060.35,-0.00179082,0.00044384,7.734e-05,3.3953,0.00052117,1,0.00231199
96663.0,2017-07-06,100047.76,0.0090189,0.00018474,-0.00031049,3.3832,-0.00012575,1,-0.00914465
96663.0,2017-07-07,100076.22,-0.00620052,6.504e-05,0.0002194,3.4106,0.00028444,1,0.00648496
96663.0,2017-07-10,100028.89,-0.00154742,-0.00050957,3.665e-05,3.3649,-0.00047292,1,0.0010745
96663.0,2017-07-11,99968.69,0.00014105,-0.00057689,-2.5e-05,3.3067,-0.00060189,1,-0.00074294
96663.0,2017-07-12,100034.14,-0.00686001,0.00040621,0.00024849,3.37,0.0006547,1,0.00751471
96663.0,2017-07-13,100022.9,-0.00179236,-0.00016892,5.662e-05,3.3591,-0.0001123,1,0.00168006
96663.0,2017-07-14,100006.88,-0.00482476,-0.00031689,0.00015669,3.3437,-0.0001602,1,0.00466456
96663.0,2017-07-17,100014.52,0.00019866,8.045e-05,-4.09e-06,3.351,7.636e-05,1,-0.00012229
96663.0,2017-07-18,99966.89,-0.00100572,-0.00049393,1.774e-05,3.305,-0.00047619,1,0.00052953
96663.0,2017-07-19,100017.06,-0.00491193,0.00032295,0.00017893,3.3535,0.00050188,1,0.00541381
96663.0,2017-07-20,100029.49,-0.00032106,0.00010935,1.493e-05,3.3655,0.00012428,1,0.00044534
96663.0,2017-07-21,100027.85,0.00087383,1.35e-05,-2.996e-05,3.3639,-1.646e-05,1,-0.00089029
93033.42,2017-07-24,100038.6,0.00035035,0.00011571,-8.17e-06,7.0025,0.00010754,2,-0.00024281
93033.42,2017-07-25,100123.79,-0.00157905,0.00068131,0.0001702,7.0816,0.00085151,2,0.00243057
93033.42,2017-07-26,100111.44,-0.00016376,-0.00012617,2.87e-06,7.0701,-0.0001233,2,4.046e-05
93033.42,2017-07-27,100062.95,0.00044519,-0.00041865,-6.572e-05,7.0251,-0.00048437,2,-0.00092956
96295.1,2017-07-28,99687.36,-0.00258065,-0.00367117,-8.24e-05,3.4029,-0.00375357,1,-0.00117292
96295.1,2017-07-31,99686.31,0.0005566,8.79e-06,-1.93e-05,3.4019,-1.051e-05,1,-0.00056711
99486.55,2017-08-01,99486.55,-0.0042326,-0.00207971,7.582e-05,0.0,-0.0020039,0,0.00222871
99486.55,2017-08-02,99486.55,-0.00048569,0.0,0.0,0.0,0.0,0,0.00048569
99486.55,2017-08-03,99486.55,0.00194042,0.0,-0.0,0.0,0.0,0,-0.00194042
99486.55,2017-08-04,99486.55,-0.00182259,0.0,0.0,0.0,0.0,0,0.00182259
99486.55,2017-08-07,99486.55,-0.00185927,0.0,0.0,0.0,0.0,0,0.00185927
99486.55,2017-08-08,99486.55,0.00246112,0.0,-0.0,0.0,0.0,0,-0.00246112
99486.55,2017-08-09,99486.55,4.048e-05,0.0,-0.0,0.0,0.0,0,-4.048e-05
99486.55,2017-08-10,99486.55,0.0141155,0.0,-0.0,0.0,0.0,0,-0.0141155
99486.55,2017-08-11,99486.55,-0.0014774,0.0,0.0,0.0,0.0,0,0.0014774
99486.55,2017-08-14,99486.55,-0.00991275,0.0,0.0,0.0,0.0,0,0.00991275
99486.55,2017-08-15,99486.55,0.00012181,0.0,-0.0,0.0,0.0,0,-0.00012181
99486.55,2017-08-16,99486.55,-0.0017447,0.0,0.0,0.0,0.0,0,0.0017447
99486.55,2017-08-17,99486.55,0.01559113,0.0,-0.0,0.0,0.0,0,-0.01559113
99486.55,2017-08-18,99486.55,0.00156336,0.0,-0.0,0.0,0.0,0,-0.00156336
99486.55,2017-08-21,99486.55,-0.00078314,0.0,0.0,0.0,0.0,0,0.00078314
99486.55,2017-08-22,99486.55,-0.01045707,0.0,0.0,0.0,0.0,0,0.01045707
99486.55,2017-08-23,99486.55,0.00358572,0.0,-0.0,0.0,0.0,0,-0.00358572
99486.55,2017-08-24,99486.55,0.00233071,0.0,-0.0,0.0,0.0,0,-0.00233071
99486.55,2017-08-25,99486.55,-0.00233615,0.0,0.0,0.0,0.0,0,0.00233615
99486.55,2017-08-28,99486.55,-4.093e-05,0.0,0.0,0.0,0.0,0,4.093e-05
99486.55,2017-08-29,99486.55,-0.00114508,0.0,0.0,0.0,0.0,0,0.00114508
99486.55,2017-08-30,99486.55,-0.00473719,0.0,0.0,0.0,0.0,0,0.00473719
99486.55,2017-08-31,99486.55,-0.00601645,0.0,0.0,0.0,0.0,0,0.00601645
99486.55,2017-09-01,99486.55,-0.00141423,0.0,0.0,0.0,0.0,0,0.00141423
99486.55,2017-09-05,99486.55,0.00718184,0.0,-0.0,0.0,0.0,0,-0.00718184
99486.55,2017-09-06,99486.55,-0.00341349,0.0,0.0,0.0,0.0,0,0.00341349
99486.55,2017-09-07,99486.55,0.00012163,0.0,-0.0,0.0,0.0,0,-0.00012163
99486.55,2017-09-08,99486.55,0.00117496,0.0,-0.0,0.0,0.0,0,-0.00117496
95938.34,2017-09-11,99497.21,-0.01055917,0.0001072,0.0,3.5769,0.0001072,1,0.01066637
95938.34,2017-09-12,99512.89,-0.00321275,3.704e-05,0.00012055,3.592,0.00015759,1,0.00337035
95938.34,2017-09-13,99515.83,-0.00045084,1.229e-05,1.726e-05,3.5949,2.954e-05,1,0.00048039
95938.34,2017-09-14,99538.86,0.00055152,0.00024293,-1.151e-05,3.6172,0.00023142,1,-0.0003201
95938.34,2017-09-15,99637.35,-0.00035669,0.00094077,4.869e-05,3.7125,0.00098946,1,0.00134616
95938.34,2017-09-18,99581.49,-0.00268742,-0.00063959,7.896e-05,3.6585,-0.00056063,1,0.00212679
95938.34,2017-09-19,99580.02,-0.00101607,-5.139e-05,3.663e-05,3.657,-1.476e-05,1,0.00100131
95938.34,2017-09-20,99384.02,-0.00232827,-0.00198143,1.317e-05,3.467,-0.00196827,1,0.00036
95938.34,2017-09-21,99398.23,0.00282232,0.00023587,-9.289e-05,3.4808,0.00014298,1,-0.00267934
92330.99,2017-09-22,99413.62,-4.586e-05,0.00014778,6.98e-06,7.1244,0.00015476,2,0.00020062
92330.99,2017-09-25,99357.61,0.00148143,-0.00041768,-0.00014568,7.072,-0.00056336,2,-0.00204479
92330.99,2017-09-26,99334.56,-0.00083455,-0.00027465,4.261e-05,7.0505,-0.00023204,2,0.00060251
92330.99,2017-09-27,99451.9,-0.00271337,0.00090667,0.00027459,7.1601,0.00118126,2,0.00389462
92330.99,2017-09-28,99439.03,-0.00132898,-0.00021526,8.589e-05,7.1481,-0.00012937,2,0.00119961
92330.99,2017-09-29,99451.63,-0.00338825,-0.00012454,0.00025125,7.1599,0.00012671,2,0.00351496
88719.02,2017-10-02,99541.09,-0.00343936,0.00058887,0.00031066,10.872,0.00089953,3,0.00433889
88719.02,2017-10-03,99567.24,-0.00187712,3.011e-05,0.00023265,10.8954,0.00026276,3,0.00213988
88719.02,2017-10-04,99615.36,-0.00070307,0.00035396,0.00012925,10.9384,0.00048321,3,0.00118628
88719.02,2017-10-05,99623.85,-0.00584001,-0.00056285,0.00064813,10.946,8.528e-05,3,0.00592529
88719.02,2017-10-06,99644.4,0.00134505,0.00033092,-0.00012465,10.9644,0.00020626,3,-0.00113878
88719.02,2017-10-09,99622.78,0.00143401,-3.591e-05,-0.00018101,10.945,-0.00021692,3,-0.00165094
88719.02,2017-10-10,99588.39,-0.00298357,-0.00063404,0.00028876,10.9143,-0.00034528,3,0.00263829
88719.02,2017-10-11,99625.53,-0.00119816,0.00020144,0.00017147,10.9475,0.00037291,3,0.00157108
88719.02,2017-10-12,99573.88,0.00097209,-0.00035523,-0.00016317,10.9013,-0.00051841,3,-0.0014905
88719.02,2017-10-13,99594.86,-0.00100684,7.799e-05,0.00013273,10.9201,0.00021072,3,0.00121756
88719.02,2017-10-16,99525.44,-0.0020308,-0.00084272,0.00014564,10.8579,-0.00069707,3,0.00133373
88719.02,2017-10-17,99609.8,0.00014217,0.00077102,7.66e-05,10.9334,0.00084762,3,0.00070544
88719.02,2017-10-18,99571.47,-0.0013631,-0.00049175,0.00010696,10.8992,-0.00038478,3,0.00097832
88719.02,2017-10-19,99418.64,-0.00180839,-0.00156465,2.982e-05,10.7622,-0.00153484,3,0.00027355
88719.02,2017-10-20,99460.29,-0.00474182,-0.00013648,0.00055541,10.7996,0.00041893,3,0.00516075
88719.02,2017-10-23,99411.97,0.00340378,-6.581e-05,-0.00042007,10.7562,-0.00048587,3,-0.00388965
88719.02,2017-10-24,99458.4,-0.00129024,0.00027803,0.00018902,10.7979,0.00046705,3,0.00175729
88719.02,2017-10-25,99414.84,0.00451232,9.659e-05,-0.00053452,10.7588,-0.00043793,3,-0.00495025
88719.02,2017-10-26,99343.12,-0.00201392,-0.00086049,0.00013906,10.6943,-0.00072143,3,0.00129249
88719.02,2017-10-27,99386.15,-0.00774315,-0.00044129,0.0008744,10.733,0.0004331,3,0.00817625
88719.02,2017-10-30,99474.6,0.00461516,0.00128986,-0.00039982,10.8124,0.00089005,3,-0.00372511
88719.02,2017-10-31,99359.49,-0.0027153,-0.00132572,0.00016846,10.7091,-0.00115726,3,0.00155804
88719.02,2017-11-01,99356.07,-0.00135671,-0.00017599,0.00014161,10.706,-3.439e-05,3,0.00132232
85188.27,2017-11-02,99259.82,-0.0013573,-0.00101029,4.16e-05,14.1765,-0.00096868,4,0.00038861
85188.27,2017-11-03,99181.01,-0.00413243,-0.00126731,0.00047326,14.1083,-0.00079405,4,0.00333838
85188.27,2017-11-06,99457.9,0.00124395,0.00257338,0.00021837,14.3474,0.00279175,4,0.00154779
88560.57,2017-11-07,99341.45,-0.00047505,-0.00107097,-9.982e-05,10.8523,-0.00117079,3,-0.00069574
88560.57,2017-11-08,99485.46,-0.00025137,0.00126499,0.00018459,10.9814,0.00144958,3,0.00170095
88560.57,2017-11-09,99745.5,0.00624154,0.00301225,-0.00039837,11.2135,0.00261388,3,-0.00362766
88560.57,2017-11-10,99731.25,0.00016712,-0.0001081,-3.476e-05,11.2008,-0.00014286,3,-0.00030998
88560.57,2017-11-13,99668.52,-0.00155874,-0.00073309,0.00010414,11.1449,-0.00062895,3,0.0009298
88560.57,2017-11-14,99586.36,0.00149797,-0.00056554,-0.00025882,11.0716,-0.00082436,3,-0.00232233
88560.57,2017-11-15,99503.97,0.00417817,-0.00027316,-0.00055419,10.9979,-0.00082735,3,-0.00500552
88560.57,2017-11-16,99562.04,-0.00791781,-0.00035133,0.00093499,11.0499,0.00058366,3,0.00850147
88560.57,2017-11-17,99480.8,0.00212306,-0.00049123,-0.00032476,10.9772,-0.00081599,3,-0.00293905
88560.57,2017-11-20,99548.59,-0.00102485,0.00049414,0.0001873,11.0378,0.00068144,3,0.00170629
88560.57,2017-11-21,99690.12,-0.00512151,0.00069943,0.00072222,11.1641,0.00142165,3,0.00654317
88560.57,2017-11-22,99618.32,0.00016448,-0.00062144,-9.877e-05,11.1001,-0.0007202,3,-0.00088469
88560.57,2017-11-24,99678.07,-0.00170974,0.00034344,0.00025636,11.1534,0.0005998,3,0.00230954
88560.57,2017-11-27,99620.82,-7.526e-05,-0.0005187,-5.567e-05,11.1023,-0.00057436,3,-0.0004991
88560.57,2017-11-28,99681.26,-0.00953826,-0.00051963,0.00112633,11.1562,0.0006067,3,0.01014496
88560.57,2017-11-29,99621.0,4.37e-06,-0.00053658,-6.793e-05,11.1025,-0.00060451,3,-0.00060888
88560.57,2017-11-30,99588.28,-0.00908373,-0.0013005,0.00097206,11.0733,-0.00032844,3,0.00875529
88560.57,2017-12-01,99452.22,0.00070923,-0.00113638,-0.00022982,10.9516,-0.0013662,3,-0.00207543
88560.57,2017-12-04,99314.46,-0.0001752,-0.0012527,-0.00013252,10.8281,-0.00138521,3,-0.00121001
92087.0,2017-12-05,99161.87,0.00206029,-0.00114697,-0.00038946,7.1347,-0.00153642,2,-0.00359672
92087.0,2017-12-06,99126.52,-0.00054663,-0.00037009,1.356e-05,7.1015,-0.00035653,2,0.0001901
92087.0,2017-12-07,99114.24,-0.00327662,-0.00034774,0.0002239,7.09,-0.00012384,2,0.00315278
83670.62,2017-12-08,99220.88,-0.00437699,0.00068927,0.00038661,15.6724,0.00107588,3,0.00545287
83670.62,2017-12-11,99212.04,-0.00310232,-0.00056129,0.00047225,15.6649,-8.904e-05,3,0.00301328
83670.62,2017-12-12,99280.62,-0.00107402,0.00041468,0.00027652,15.7231,0.0006912,3,0.00176522
83670.62,2017-12-13,99043.31,-0.00227736,-0.00237248,-1.775e-05,15.5212,-0.00239023,3,-0.00011287
83670.62,2017-12-14,98888.36,0.00252194,-0.00093024,-0.00063426,15.3888,-0.0015645,3,-0.00408644
83670.62,2017-12-15,99122.05,-0.00596436,0.00108165,0.00128151,15.5883,0.00236315,3,0.00832752
83670.62,2017-12-18,99158.21,-0.00597654,-0.00062365,0.00098852,15.6191,0.00036486,3,0.00634141
83670.62,2017-12-19,99083.2,0.00308372,-0.00015671,-0.00059981,15.5552,-0.00075652,3,-0.00384024
83670.62,2017-12-20,99301.41,0.00272666,0.00228383,-8.157e-05,15.7407,0.00220225,3,-0.00052441
83670.62,2017-12-21,99319.84,-0.00187427,-0.0001386,0.00032425,15.7564,0.00018565,3,0.00205992
83670.62,2017-12-22,99236.29,-0.00057938,-0.00079993,-4.125e-05,15.6855,-0.00084118,3,-0.0002618
83670.62,2017-12-26,99381.54,0.00265927,0.00165115,-0.00018755,15.8087,0.0014636,3,-0.00119567
87459.58,2017-12-27,99391.16,-0.00038914,2.003e-05,7.683e-05,12.0047,9.686e-05,2,0.000486
87459.58,2017-12-28,99478.56,-0.00117842,0.00063225,0.00024702,12.082,0.00087927,2,0.00205768
87459.58,2017-12-29,99426.2,0.00324421,-7.079e-05,-0.00045556,12.0357,-0.00052634,2,-0.00377056
87459.58,2018-01-02,99430.26,-0.00711644,-0.00082055,0.00086143,12.0393,4.088e-05,2,0.00715732
87459.58,2018-01-03,99427.42,-0.00635395,-0.00079011,0.00076153,12.0368,-2.858e-05,2,0.00632538
87459.58,2018-01-04,99489.37,-0.00359134,0.0001158,0.00050728,12.0915,0.00062308,2,0.00421442
77527.53,2018-01-05,99569.79,-0.00585647,2.44e-06,0.00080587,22.1375,0.00080831,3,0.00666478
77527.53,2018-01-08,99666.19,-0.00085992,0.00056345,0.00040469,22.2128,0.00096814,3,0.00182805
77527.53,2018-01-09,99951.44,0.00059912,0.00235945,0.00050268,22.4348,0.00286213,3,0.00226302
77527.53,2018-01-10,100228.96,0.00430586,0.00311962,-0.0003431,22.6496,0.00277652,3,-0.00152934
77527.53,2018-01-11,100443.34,-0.00515719,0.00048633,0.00165252,22.8147,0.00213885,3,0.00729604
77527.53,2018-01-12,100487.82,-0.00607637,-0.0010445,0.00148733,22.8488,0.00044283,3,0.0065192
77527.53,2018-01-16,100193.49,0.00048967,-0.00214784,-0.00078111,22.6222,-0.00292896,3,-0.00341862
77527.53,2018-01-17,100438.99,-0.00708124,0.00029398,0.00215622,22.8113,0.00245021,3,0.00953144
77527.53,2018-01-18,100370.13,0.00099529,-0.00030214,-0.00038342,22.7584,-0.00068556,3,-0.00168085
77527.53,2018-01-19,100574.38,-0.002515,0.00099945,0.00103549,22.9152,0.00203494,3,0.00454994
77527.53,2018-01-22,100596.25,-0.00791341,-0.00164576,0.00186321,22.932,0.00021745,3,0.00813086
77527.53,2018-01-23,100579.86,-0.00228555,-0.00064963,0.00048678,22.9194,-0.00016285,3,0.0021227
77527.53,2018-01-24,100640.63,0.00099259,0.00069319,-8.902e-05,22.966,0.00060417,3,-0.00038842
77527.53,2018-01-25,100564.63,-0.00117918,-0.00085258,9.737e-05,22.9078,-0.00075521,3,0.00042397
77527.53,2018-01-26,100789.88,-0.00933788,-0.00041235,0.0026522,23.08,0.00223985,3,0.01157773
77527.53,2018-01-29,100550.18,0.00425204,-0.00084793,-0.00153026,22.8967,-0.00237819,3,-0.00663024
77527.53,2018-01-30,100158.34,0.00635986,-0.00154848,-0.00234847,22.595,-0.00389695,3,-0.01025681
81132.66,2018-01-31,99960.21,-0.00247458,-0.00209031,0.00011217,18.835,-0.00197814,2,0.00049645
81132.66,2018-02-01,100091.64,0.00244948,0.00152856,-0.00021371,18.9416,0.00131485,2,-0.00113463
81132.66,2018-02-02,99581.93,0.01667768,-0.00096889,-0.00412363,18.5267,-0.00509252,2,-0.0217702
85622.9,2018-02-05,98436.31,0.03031841,-0.00375588,-0.00774837,13.017,-0.01150424,2,-0.04182265
91201.7,2018-02-06,98275.22,-0.02133868,-0.00420112,0.00256463,7.1977,-0.00163649,2,0.01970219
91201.7,2018-02-07,98178.26,0.00443764,-0.00059623,-0.00039042,7.106,-0.00098666,2,-0.0054243
91201.7,2018-02-08,97861.77,0.03428588,-0.00055815,-0.00266543,6.8056,-0.00322358,2,-0.03750946
94457.56,2018-02-09,97916.56,-0.01446172,-0.00046244,0.00102231,3.5326,0.00055987,1,0.01502159
94457.56,2018-02-12,97958.76,-0.01425374,-8.777e-05,0.00051875,3.5742,0.00043098,1,0.01468472
94457.56,2018-02-13,97965.36,-0.00241993,-2.152e-05,8.89e-05,3.5807,6.738e-05,1,0.0024873
94457.56,2018-02-14,98022.76,-0.01291042,0.00010266,0.00048326,3.6371,0.00058592,1,0.01349634
94457.56,2018-02-15,98086.56,-0.01210929,0.00018677,0.0004641,3.6998,0.00065087,1,0.01276016
94457.56,2018-02-16,98107.16,-8.285e-05,0.00019918,1.084e-05,3.72,0.00021002,1,0.00029287
94457.56,2018-02-20,98120.76,0.00639977,0.00037154,-0.00023292,3.7334,0.00013862,1,-0.00626115
94457.56,2018-02-21,98136.36,0.00513332,0.0003447,-0.00018571,3.7487,0.00015899,1,-0.00497433
94457.56,2018-02-22,98134.76,-0.0013125,-6.489e-05,4.859e-05,3.7471,-1.63e-05,1,0.0012962
94457.56,2018-02-23,98209.76,-0.01517481,0.000167,0.00059725,3.8206,0.00076426,1,0.01593907
84659.61,2018-02-26,98073.06,-0.01300413,-0.0018356,0.00044366,13.677,-0.00139194,2,0.01161219
76496.01,2018-02-27,98049.18,0.0122429,0.00146426,-0.00170776,21.982,-0.0002435,3,-0.0124864
76496.01,2018-02-28,97855.15,0.00815132,0.00024794,-0.00222682,21.8273,-0.00197888,3,-0.0101302
76496.01,2018-03-01,97636.33,0.01230453,0.00093769,-0.00317384,21.6521,-0.00223615,3,-0.01454068
76496.01,2018-03-02,97922.25,-0.00222705,0.00181211,0.00111626,21.8809,0.00292836,3,0.00515542
76496.01,2018-03-05,98172.62,-0.00900065,2.8e-05,0.00252889,22.0801,0.0025569,3,0.01155755
76496.01,2018-03-06,98328.38,-0.00094867,0.00102674,0.00055977,22.2035,0.00158652,3,0.00253519
76496.01,2018-03-07,98389.64,0.00098953,0.0007044,-8.138e-05,22.252,0.00062303,3,-0.0003665
76496.01,2018-03-08,98398.05,-0.00475344,-0.00099128,0.00107676,22.2586,8.548e-05,3,0.00483892
76496.01,2018-03-09,98603.23,-0.01531718,-0.00178831,0.00387353,22.4204,0.00208522,3,0.0174024
76496.01,2018-03-12,98782.12,0.00306942,0.00209564,-0.00028142,22.5609,0.00181422,3,-0.0012552
76496.01,2018-03-13,98771.62,0.00635638,0.00135179,-0.00145802,22.5526,-0.00010624,3,-0.00646262
76496.01,2018-03-14,98660.07,0.00400204,2.787e-05,-0.00115728,22.4651,-0.00112941,3,-0.00513144
76496.01,2018-03-15,98556.16,3.619e-05,-0.0008085,-0.00024474,22.3833,-0.00105324,3,-0.00108943
76496.01,2018-03-16,98687.23,0.00024556,0.00108724,0.00024272,22.4864,0.00132996,3,0.0010844
76496.01,2018-03-19,98391.05,0.01052959,4.138e-05,-0.00304259,22.2531,-0.00300121,3,-0.01353081
76496.01,2018-03-20,98511.07,-0.00048101,0.00084132,0.00037848,22.3478,0.00121981,3,0.00170081
76496.01,2018-03-21,98337.96,0.00016173,-0.00132843,-0.00042886,22.2111,-0.00175729,3,-0.00191901
76496.01,2018-03-22,97903.54,0.02058007,0.00113468,-0.00555225,21.8659,-0.00441758,3,-0.02499764
76496.01,2018-03-23,97735.04,0.01959311,0.00293948,-0.00466055,21.7312,-0.00172107,3,-0.02131418
76496.01,2018-03-26,98247.16,-0.02211948,-0.00070564,0.00594553,22.1392,0.00523988,3,0.02735936
76496.01,2018-03-27,98114.97,0.0156667,0.00242086,-0.00376637,22.0343,-0.00134551,3,-0.01701221
76496.01,2018-03-28,98068.59,0.00248199,0.0001783,-0.00065106,21.9974,-0.00047276,3,-0.00295475
76496.01,2018-03-29,98289.67,-0.01052314,-0.00055635,0.00281073,22.1729,0.00225438,3,0.01277752
76496.01,2018-04-02,98294.64,0.02163533,0.00483651,-0.00478597,22.1768,5.054e-05,3,-0.02158479
76496.01,2018-04-03,98584.44,-0.00986879,0.00010588,0.00284242,22.4056,0.0029483,3,0.01281709
76496.01,2018-04-04,98940.58,-0.00708671,0.00121531,0.00239723,22.6849,0.00361254,3,0.01069925
76496.01,2018-04-05,99072.33,-0.00656006,-0.00045858,0.00179023,22.7877,0.00133165,3,0.00789171
76496.01,2018-04-06,98837.01,0.01991011,0.00270308,-0.00507832,22.6039,-0.00237524,3,-0.02228535
76496.01,2018-04-09,98880.92,-0.00448411,-0.00066979,0.00111399,22.6383,0.00044419,3,0.00492831
76496.01,2018-04-10,99039.89,-0.01429267,-0.00199184,0.00359957,22.7624,0.00160774,3,0.01590041
76496.01,2018-04-11,98884.9,0.00367795,-0.00037151,-0.0011934,22.6414,-0.00156491,3,-0.00524285
76496.01,2018-04-12,99287.41,-0.00415724,0.00220759,0.00186286,22.955,0.00407045,3,0.00822769
76496.01,2018-04-13,99277.09,0.00282919,0.0005694,-0.00067329,22.947,-0.00010388,3,-0.00293307
76496.01,2018-04-16,99485.28,-0.0061248,0.00021033,0.00188665,23.1082,0.00209698,3,0.00822178
76496.01,2018-04-17,99804.48,-0.00748955,0.00073642,0.00247215,23.3541,0.00320857,3,0.01069812
76496.01,2018-04-18,99879.48,1.078e-05,0.0005785,0.00017299,23.4117,0.00075148,3,0.00074071
76496.01,2018-04-19,99753.07,0.0042822,3.321e-05,-0.00129884,23.3146,-0.00126564,3,-0.00554783
76496.01,2018-04-20,99638.83,0.00733434,0.00083175,-0.00197698,23.2267,-0.00114523,3,-0.00847956
76496.01,2018-04-23,99665.45,0.00041696,0.00030196,-3.479e-05,23.2472,0.00026717,3,-0.00014979
76496.01,2018-04-24,99497.66,0.01178386,0.00144726,-0.00313079,23.1178,-0.00168353,3,-0.01346739
76496.01,2018-04-25,99771.47,0.00027988,0.00218041,0.00057147,23.3288,0.00275188,3,0.002472
72872.76,2018-04-26,99712.76,-0.01075377,-0.00295991,0.00237144,26.9173,-0.00058847,4,0.0101653
76362.88,2018-04-27,99723.35,-0.00083273,-0.00014652,0.00025274,23.4253,0.00010622,3,0.00093895
76362.88,2018-04-30,99434.72,0.00479621,-0.00109279,-0.00180153,23.203,-0.00289432,3,-0.00769053
76362.88,2018-05-01,99395.74,-0.00216857,-0.00080421,0.00041222,23.1729,-0.00039199,3,0.00177658
76362.88,2018-05-02,98996.32,0.00269885,-0.00246191,-0.00155661,22.8629,-0.00401852,3,-0.00671737
80198.44,2018-05-03,98748.24,-0.00030231,-0.00200207,-0.00050379,18.7849,-0.00250586,2,-0.00220355
80198.44,2018-05-04,98829.14,-0.01212716,-0.00161279,0.00243196,18.8514,0.00081917,2,0.01294634
80198.44,2018-05-07,98682.35,-0.00486815,-0.002123,0.00063772,18.7307,-0.00148528,2,0.00338287
80198.44,2018-05-08,98594.52,-0.00089001,-0.00089001,0.0,18.6583,-0.00089001,2,0.0
80198.44,2018-05-09,98371.66,-0.01192629,-0.00406383,0.00180351,18.474,-0.00226032,2,0.00966597
80198.44,2018-05-10,98674.97,-0.00626751,0.00135577,0.00172746,18.7246,0.00308323,2,0.00935074
80198.44,2018-05-11,98777.27,-0.00201452,0.00046546,0.00057135,18.8088,0.00103681,2,0.00305134
80198.44,2018-05-14,99024.47,0.00202606,0.00241295,8.963e-05,19.0115,0.00250257,2,0.00047652
80198.44,2018-05-15,99045.39,0.00709835,0.00152061,-0.00130934,19.0286,0.00021127,2,-0.00688708
80198.44,2018-05-16,99130.89,-0.00334181,6.305e-05,0.00080015,19.0984,0.0008632,2,0.00420501
80198.44,2018-05-17,99253.92,0.00208584,0.00140244,-0.00016133,19.1987,0.00124111,2,-0.00084473
80198.44,2018-05-18,99337.42,0.00334137,0.00132129,-0.00047998,19.2666,0.00084131,2,-0.00250005
80198.44,2018-05-21,99424.81,-0.00663926,-0.00056896,0.00144865,19.3376,0.00087969,2,0.00751895
90682.7,2018-05-22,99382.12,0.00235084,0.00010826,-0.00053762,8.7535,-0.00042936,1,-0.0027802
99355.59,2018-05-23,99355.59,-0.00301829,-0.0005078,0.00024084,0.0,-0.00026696,0,0.00275133
95885.31,2018-05-24,99325.6,0.0017472,-0.00030181,-0.0,3.4636,-0.00030181,1,-0.00204901
95885.31,2018-05-25,99348.21,0.00260982,0.00031015,-8.251e-05,3.4856,0.00022764,1,-0.00238219
95885.31,2018-05-29,99374.56,0.01176688,0.00066613,-0.0004009,3.5112,0.00026523,1,-0.01150165
85943.88,2018-05-30,99534.41,-0.01173659,0.00113999,0.00046858,13.6541,0.00160857,2,0.01334516
85943.88,2018-05-31,99470.29,0.00548181,0.00019219,-0.00083646,13.5984,-0.00064427,2,-0.00612608
85943.88,2018-06-01,99718.43,-0.00732313,0.00115957,0.00133506,13.8134,0.00249464,2,0.00981776
85943.88,2018-06-04,99900.36,-0.00292679,0.00116816,0.00065631,13.9704,0.00182448,2,0.00475127
85943.88,2018-06-05,100042.75,0.00069726,0.00132357,0.00010171,14.0928,0.00142527,2,0.00072802
85943.88,2018-06-06,100138.03,-0.00740791,-0.0002258,0.00117821,14.1746,0.00095241,2,0.00836032
85943.88,2018-06-07,100011.13,-0.00115929,-0.00125196,-1.53e-05,14.0657,-0.00126727,2,-0.00010797
85943.88,2018-06-08,100171.76,-0.00134999,0.00119029,0.00041579,14.2035,0.00160608,2,0.00295607
85943.88,2018-06-11,100142.08,-0.00162654,-0.00048516,0.00018895,14.1781,-0.00029621,2,0.00133033
85943.88,2018-06-12,100261.23,-0.00010254,0.00100655,0.00018323,14.28,0.00118977,2,0.00129231
85943.88,2018-06-13,100265.31,0.00323172,0.00049637,-0.00045568,14.2835,4.069e-05,2,-0.00319102
85943.88,2018-06-14,100284.25,-0.00232879,-0.00017068,0.00035962,14.2997,0.00018895,2,0.00251774
85943.88,2018-06-15,100257.65,0.00101032,-8.292e-05,-0.00018241,14.277,-0.00026533,2,-0.00127565
85943.88,2018-06-18,100258.11,0.00206155,0.00029828,-0.00029367,14.2774,4.61e-06,2,-0.00205694
85943.88,2018-06-19,100217.0,0.00342273,0.00013715,-0.00054722,14.2422,-0.00041007,2,-0.0038328
85943.88,2018-06-20,100195.42,-0.00192121,-0.00045829,0.00024295,14.2237,-0.00021533,2,0.00170588
85943.88,2018-06-21,100098.29,0.00529984,-7.764e-05,-0.00089171,14.1405,-0.00096935,2,-0.00626919
85943.88,2018-06-22,100069.64,-0.00210991,-0.00054411,0.00025788,14.1159,-0.00028624,2,0.00182368
85943.88,2018-06-25,99810.52,0.01102344,-0.0006678,-0.00192157,13.893,-0.00258937,2,-0.01361281
85943.88,2018-06-26,99863.33,-0.00168482,0.00022151,0.00030758,13.9385,0.00052909,2,0.00221391
85943.88,2018-06-27,99662.37,0.00627188,-0.00085766,-0.0011547,13.765,-0.00201235,2,-0.00828424
85943.88,2018-06-28,99809.09,-0.0042454,0.00068512,0.00078702,13.8917,0.00147214,2,0.00571754
85943.88,2018-06-29,99790.23,-0.00162822,-0.00038887,0.00019994,13.8755,-0.00018892,2,0.00143929
85943.88,2018-07-02,100043.19,0.0003966,0.00223825,0.00029671,14.0932,0.00253495,2,0.00213835
85943.88,2018-07-03,99915.34,0.00225337,-0.00078033,-0.00049769,13.9833,-0.00127802,2,-0.00353138
85943.88,2018-07-05,100093.82,-0.00637174,0.00064554,0.00114076,14.1367,0.00178631,2,0.00815805
85943.88,2018-07-06,100259.01,-0.00680769,0.00045466,0.00119568,14.2781,0.00165034,2,0.00845803
85943.88,2018-07-09,100416.53,-0.00743306,0.00028557,0.00128564,14.4126,0.00157122,2,0.00900428
85943.88,2018-07-10,100515.39,-0.00261406,0.00046581,0.00051864,14.4968,0.00098445,2,0.00359851
85943.88,2018-07-11,100531.21,0.00747159,0.00121774,-0.00106032,14.5103,0.00015742,2,-0.00731416
85943.88,2018-07-12,100669.49,-0.00769086,5.995e-05,0.00131555,14.6277,0.00137551,2,0.00906637
85943.88,2018-07-13,100716.85,-0.00031671,0.00035529,0.00011514,14.6678,0.00047044,2,0.00078715
85943.88,2018-07-16,100537.04,-0.00089097,-0.00165417,-0.00013119,14.5152,-0.00178536,2,-0.00089439
85943.88,2018-07-17,100665.27,-0.00276992,0.00068824,0.00058719,14.6241,0.00127543,2,0.00404534
85943.88,2018-07-18,100558.74,-0.00316153,-0.00136581,0.00030759,14.5337,-0.00105821,2,0.00210332
85943.88,2018-07-19,100685.0,0.00502664,0.00180368,-0.00054807,14.6408,0.00125561,2,-0.00377103
85943.88,2018-07-20,101317.39,0.00742405,0.00644824,-0.00016737,15.1736,0.00628087,2,-0.00114318
85943.88,2018-07-23,101409.3,-0.00095251,0.00062499,0.00028218,15.2505,0.00090717,2,0.00185969
85943.88,2018-07-24,101503.6,-0.0041019,0.00016251,0.00076737,15.3292,0.00092989,2,0.00503178
85943.88,2018-07-25,101679.48,-0.0067901,0.00042622,0.00130648,15.4757,0.0017327,2,0.0085228
85943.88,2018-07-26,101600.7,0.00158469,-0.00040963,-0.00036514,15.4101,-0.00077477,2,-0.00235946
85943.88,2018-07-27,101280.59,0.00362557,-0.00210641,-0.00104422,15.1428,-0.00315063,2,-0.00677621
85943.88,2018-07-30,101094.9,0.00339005,-0.00104245,-0.00079098,14.9869,-0.00183343,2,-0.00522349
85943.88,2018-07-31,101312.68,-0.00277515,0.00141546,0.00073876,15.1697,0.00215422,2,0.00492936
85943.88,2018-08-01,101245.08,0.00100326,-0.00041385,-0.00025341,15.113,-0.00066726,2,-0.00167052
85943.88,2018-08-02,101445.23,-0.00347101,0.0011535,0.00082333,15.2805,0.00197683,2,0.00544784
85943.88,2018-08-03,101407.46,-0.00465668,-0.00102694,0.00065468,15.249,-0.00037226,2,0.00428442
85943.88,2018-08-06,101591.24,-0.00185527,0.00125303,0.00055927,15.4023,0.00181229,2,0.00366756
85943.88,2018-08-07,101692.59,-0.0023046,0.00048898,0.00050861,15.4866,0.0009976,2,0.0033022
85943.88,2018-08-08,101680.93,0.00030573,-4.957e-05,-6.511e-05,15.4769,-0.00011468,2,-0.00042041
85943.88,2018-08-09,101686.79,0.00142348,0.00026904,-0.00021139,15.4818,5.765e-05,2,-0.00136583
85943.88,2018-08-10,101645.45,0.0062937,0.0006308,-0.00103731,15.4474,-0.00040651,2,-0.00670022
85943.88,2018-08-13,101523.52,0.00254429,-0.00062124,-0.00057833,15.3458,-0.00119957,2,-0.00374386
85943.88,2018-08-14,101603.99,-0.00558859,-0.00018665,0.00097925,15.4129,0.0007926,2,0.0063812
85943.88,2018-08-15,101635.32,0.00777574,0.00145927,-0.00115094,15.439,0.00030833,2,-0.00746741
85943.88,2018-08-16,101692.53,-0.00752819,-0.00068621,0.00124919,15.4865,0.00056298,2,0.00809117
85943.88,2018-08-17,101743.19,-0.00302194,-4.7e-05,0.00054514,15.5286,0.00049813,2,0.00352007
90101.83,2018-08-20,101766.57,-0.00191063,-0.00010263,0.00033237,11.4622,0.00022974,1,0.00214037
90101.83,2018-08-21,101715.61,-0.00284646,-0.00076959,0.00026888,11.4179,-0.00050071,1,0.00234575
90101.83,2018-08-22,101741.91,0.00085259,0.00032638,-6.783e-05,11.4408,0.00025855,1,-0.00059404
101705.09,2018-08-23,101705.09,0.00096622,-0.00020994,-0.00015195,0.0,-0.00036189,0,-0.0013281
101705.09,2018-08-24,101705.09,-0.00601821,0.0,0.0,0.0,0.0,0,0.00601821
101705.09,2018-08-27,101705.09,-0.00789535,0.0,0.0,0.0,0.0,0,0.00789535
101705.09,2018-08-28,101705.09,-0.00048331,0.0,0.0,0.0,0.0,0,0.00048331
101705.09,2018-08-29,101705.09,-0.00538083,0.0,0.0,0.0,0.0,0,0.00538083
101705.09,2018-08-30,101705.09,0.00404813,0.0,-0.0,0.0,0.0,0,-0.00404813
101705.09,2018-08-31,101705.09,-3.424e-05,0.0,0.0,0.0,0.0,0,3.424e-05
101705.09,2018-09-04,101705.09,0.00172234,0.0,-0.0,0.0,0.0,0,-0.00172234
101705.09,2018-09-05,101705.09,0.00269105,0.0,-0.0,0.0,0.0,0,-0.00269105
101705.09,2018-09-06,101705.09,0.00301054,0.0,-0.0,0.0,0.0,0,-0.00301054
101705.09,2018-09-07,101705.09,0.00194332,0.0,-0.0,0.0,0.0,0,-0.00194332
101705.09,2018-09-10,101705.09,-0.00173857,0.0,0.0,0.0,0.0,0,0.00173857
101705.09,2018-09-11,101705.09,-0.00329743,0.0,0.0,0.0,0.0,0,0.00329743
101705.09,2018-09-12,101705.09,-0.00024226,0.0,0.0,0.0,0.0,0,0.00024226
101705.09,2018-09-13,101705.09,-0.00591451,0.0,0.0,0.0,0.0,0,0.00591451
101705.09,2018-09-14,101705.09,-0.00017204,0.0,0.0,0.0,0.0,0,0.00017204
101705.09,2018-09-17,101705.09,0.00529435,0.0,-0.0,0.0,0.0,0,-0.00529435
101705.09,2018-09-18,101705.09,-0.00542636,0.0,0.0,0.0,0.0,0,0.00542636
101705.09,2018-09-19,101705.09,-0.00106575,0.0,0.0,0.0,0.0,0,0.00106575
101705.09,2018-09-20,101705.09,-0.00810309,0.0,0.0,0.0,0.0,0,0.00810309
101705.09,2018-09-21,101705.09,0.00091294,0.0,-0.0,0.0,0.0,0,-0.00091294
101705.09,2018-09-24,101705.09,0.0033224,0.0,-0.0,0.0,0.0,0,-0.0033224
101705.09,2018-09-25,101705.09,0.00092725,0.0,-0.0,0.0,0.0,0,-0.00092725
101705.09,2018-09-26,101705.09,0.00299278,0.0,-0.0,0.0,0.0,0,-0.00299278
101705.09,2018-09-27,101705.09,-0.00279425,0.0,0.0,0.0,0.0,0,0.00279425
101705.09,2018-09-28,101705.09,-0.00010327,0.0,0.0,0.0,0.0,0,0.00010327
101705.09,2018-10-01,101705.09,-0.0034746,0.0,0.0,0.0,0.0,0,0.0034746
101705.09,2018-10-02,101705.09,0.00058313,0.0,-0.0,0.0,0.0,0,-0.00058313
101705.09,2018-10-03,101705.09,-0.00054877,0.0,0.0,0.0,0.0,0,0.00054877
101705.09,2018-10-04,101705.09,0.00781571,0.0,-0.0,0.0,0.0,0,-0.00781571
101705.09,2018-10-05,101705.09,0.00559699,0.0,-0.0,0.0,0.0,0,-0.00559699
101705.09,2018-10-08,101705.09,0.0,0.0,0.0,0.0,0.0,0,0.0
101705.09,2018-10-09,101705.09,0.00145908,0.0,-0.0,0.0,0.0,0,-0.00145908
101705.09,2018-10-10,101705.09,0.03166352,0.0,-0.0,0.0,0.0,0,-0.03166352
101705.09,2018-10-11,101705.09,0.02202645,0.0,-0.0,0.0,0.0,0,-0.02202645
101705.09,2018-10-12,101705.09,-0.01388846,0.0,0.0,0.0,0.0,0,0.01388846
101705.09,2018-10-15,101705.09,0.00561717,0.0,-0.0,0.0,0.0,0,-0.00561717
101705.09,2018-10-16,101705.09,-0.02186583,0.0,0.0,0.0,0.0,0,0.02186583
101705.09,2018-10-17,101705.09,-0.00017844,0.0,0.0,0.0,0.0,0,0.00017844
101705.09,2018-10-18,101705.09,0.01444102,0.0,-0.0,0.0,0.0,0,-0.01444102
101705.09,2018-10-19,101705.09,0.00054266,0.0,-0.0,0.0,0.0,0,-0.00054266
101705.09,2018-10-22,101705.09,0.00448894,0.0,-0.0,0.0,0.0,0,-0.00448894
101705.09,2018-10-23,101705.09,0.00509056,0.0,-0.0,0.0,0.0,0,-0.00509056
101705.09,2018-10-24,101705.09,0.03029856,0.0,-0.0,0.0,0.0,0,-0.03029856
101705.09,2018-10-25,101705.09,-0.0179407,0.0,0.0,0.0,0.0,0,0.0179407
101705.09,2018-10-26,101705.09,0.01758745,0.0,-0.0,0.0,0.0,0,-0.01758745
101705.09,2018-10-29,101705.09,0.00553986,0.0,-0.0,0.0,0.0,0,-0.00553986
101705.09,2018-10-30,101705.09,-0.01481846,0.0,0.0,0.0,0.0,0,0.01481846
101705.09,2018-10-31,101705.09,-0.0106802,0.0,0.0,0.0,0.0,0,0.0106802
101705.09,2018-11-01,101705.09,-0.01064212,0.0,0.0,0.0,0.0,0,0.01064212
101705.09,2018-11-02,101705.09,0.00592298,0.0,-0.0,0.0,0.0,0,-0.00592298
101705.09,2018-11-05,101705.09,-0.00551702,0.0,0.0,0.0,0.0,0,0.00551702
101705.09,2018-11-06,101705.09,-0.00632821,0.0,0.0,0.0,0.0,0,0.00632821
101705.09,2018-11-07,101705.09,-0.02140849,0.0,0.0,0.0,0.0,0,0.02140849
101705.09,2018-11-08,101705.09,0.00181493,0.0,-0.0,0.0,0.0,0,-0.00181493
101705.09,2018-11-09,101705.09,0.0097682,0.0,-0.0,0.0,0.0,0,-0.0097682
101705.09,2018-11-12,101705.09,0.01868514,0.0,-0.0,0.0,0.0,0,-0.01868514
101705.09,2018-11-13,101705.09,0.00187155,0.0,-0.0,0.0,0.0,0,-0.00187155
101705.09,2018-11-14,101705.09,0.00683649,0.0,-0.0,0.0,0.0,0,-0.00683649
101705.09,2018-11-15,101705.09,-0.01043684,0.0,0.0,0.0,0.0,0,0.01043684
101705.09,2018-11-16,101705.09,-0.00260069,0.0,0.0,0.0,0.0,0,0.00260069
101705.09,2018-11-19,101705.09,0.01691465,0.0,-0.0,0.0,0.0,0,-0.01691465
101705.09,2018-11-20,101705.09,0.01850637,0.0,-0.0,0.0,0.0,0,-0.01850637
101705.09,2018-11-21,101705.09,-0.00340777,0.0,0.0,0.0,0.0,0,0.00340777
101705.09,2018-11-23,101705.09,0.00667868,0.0,-0.0,0.0,0.0,0,-0.00667868
101705.09,2018-11-26,101705.09,-0.01614396,0.0,0.0,0.0,0.0,0,0.01614396
101705.09,2018-11-27,101705.09,-0.00336513,0.0,0.0,0.0,0.0,0,0.00336513
101705.09,2018-11-28,101705.09,-0.02302488,0.0,0.0,0.0,0.0,0,0.02302488
101705.09,2018-11-29,101705.09,0.00218503,0.0,-0.0,0.0,0.0,0,-0.00218503
101705.09,2018-11-30,101705.09,-0.00609544,0.0,0.0,0.0,0.0,0,0.00609544
101705.09,2018-12-03,101705.09,-0.01324119,0.0,0.0,0.0,0.0,0,0.01324119
101705.09,2018-12-04,101705.09,0.03240226,0.0,-0.0,0.0,0.0,0,-0.03240226
101705.09,2018-12-06,101705.09,0.00151733,0.0,-0.0,0.0,0.0,0,-0.00151733
101705.09,2018-12-07,101705.09,0.0232362,0.0,-0.0,0.0,0.0,0,-0.0232362
101705.09,2018-12-10,101705.09,-0.00189749,0.0,0.0,0.0,0.0,0,0.00189749
101705.09,2018-12-11,101705.09,-0.00022694,0.0,0.0,0.0,0.0,0,0.00022694
101705.09,2018-12-12,101705.09,-0.0050359,0.0,0.0,0.0,0.0,0,0.0050359
101705.09,2018-12-13,101705.09,0.00033927,0.0,-0.0,0.0,0.0,0,-0.00033927
101705.09,2018-12-14,101705.09,0.01846482,0.0,-0.0,0.0,0.0,0,-0.01846482
101705.09,2018-12-17,101705.09,0.01961854,0.0,-0.0,0.0,0.0,0,-0.01961854
101705.09,2018-12-18,101705.09,0.00109637,0.0,-0.0,0.0,0.0,0,-0.00109637
101705.09,2018-12-19,101705.09,0.01497589,0.0,-0.0,0.0,0.0,0,-0.01497589
101705.09,2018-12-20,101705.09,0.01627756,0.0,-0.0,0.0,0.0,0,-0.01627756
101705.09,2018-12-21,101705.09,0.02048951,0.0,-0.0,0.0,0.0,0,-0.02048951
101705.09,2018-12-24,101705.09,0.02642326,0.0,-0.0,0.0,0.0,0,-0.02642326
101705.09,2018-12-26,101705.09,-0.05052477,0.0,0.0,0.0,0.0,0,0.05052477
101705.09,2018-12-27,101705.09,-0.00767751,0.0,0.0,0.0,0.0,0,0.00767751
101705.09,2018-12-28,101705.09,0.00128966,0.0,-0.0,0.0,0.0,0,-0.00128966
101705.09,2018-12-31,101705.09,-0.00875866,0.0,0.0,0.0,0.0,0,0.00875866
